MLS,Prop Subtype,St #,Address,City,Zip,BR,Baths(FTHQ),Other Deposit,Pet Deposit,Key Deposit,OLP,Security Deposit,LP,SqFt,LP $/SqFt,YB,# Prking Spaces,Laundry,Pets,Lease Terms,Furnished,Seller's Agent 1 Cell,Lot Sz
SR26163935MR,,14431,14431   Nordhoff ST ,PANORAMA CITY,91402,1,1.00 (1 0 0 0),,$0.00,,"$1,200","$1,200","$1,200",300,$4,1947,0,None,No,1-Year,Unfurnished,818-298-1402,"25,020"
SR26160854MR,,12917,12917   Gladstone  ,SYLMAR,91342,1,1.00 (1 0 0 0),,$0.00,,"$1,300","$1,300","$1,300","1,965",$0.66,1950,0,"Gas Or Electric Dryer Hookup,Inside",No,1-Year,Unfurnished,818-723-3169,"48,014"
26863747,,8517,8517   Reading Ave ,Los Angeles,90045,0,1.00 (1 0 0 0),,,,"$1,350","$1,350","$1,350",,$0,,0,None,No,"1+Year,1-Year",Unfurnished,310-567-4865,"3,999"
SR26164980MR,Condominium,2121,2121   James M Wood BLVD #316,LOS ANGELES,90006,0,1.00 (1 0 0 0),,$175.00,50,"$1,395","$1,395","$1,395",380,$3.67,1923,0,Community,,1-Year,Unfurnished,818-517-7826,"21,313"
26864057,Apartment,10620,10620  S Figueroa St #1/4,Los Angeles,90003,0,1.00 (1 0 0 0),,,,"$1,400","$1,400","$1,400",650,$2.15,1939,0,None,No,"12 Months,1-Year",Unfurnished,310-905-7228,"5,678"
26864977,,11472,11472   VENTURA  #4,STUDIO CITY,91604,0,1.00 (1 0 0 0),,,,"$1,549","$1,549","$1,549",380,$4.08,1941,1,None,Yes,1+Year,Unfurnished,818-640-3863,"6,248"
PW26161135MR,Single Family,2005,2005   Redding AVE ,ROSEMEAD,91770,1,1.00 (0 1 0 0),,$0.00,50,"$1,500","$1,500","$1,575",400,$3.94,1964,0,None,No,1-Year,Unfurnished,714 785-1279,"5,082"
OC26163411MR,Apartment,1085,1085   Hoffman AVE #11,LONG BEACH,90813,1,1.00 (1 0 0 0),,$0.00,,"$1,600","$1,600","$1,600",450,$3.56,1924,0,None,,1-Year,Unfurnished,949-275-4440,"6,961"
SB26161502MR,,14914,14914  S Denker  #1,GARDENA,90247,0,1.00 (0 1 0 0),,$0.00,,"$1,650",$0,"$1,650",350,$4.71,1947,0,None,No,1-Year,Unfurnished,310-993-1212,"7,053"
26864237,Condominium,1131,1131   Elm Ave #G,Glendale,91201,1,1.00 (1 0 0 0),,,,"$1,690","$1,690","$1,690",460,$3.67,1964,1,Community,Call,1+Year,Unfurnished,818-858-9272,"6,146"
SR26164544MR,,8155,8155   Genesta AVE ,LAKE BALBOA,91406,0,1.00 (1 0 0 0),,$0.00,,"$1,700","$1,700","$1,700",350,$4.86,2025,0,"Dryer,Dryer Included,Washer,Washer Included",,1-Year,Unfurnished,310-422-0514,"6,262"
SB26160797MR,,1020,1020  W 67th ST ,LOS ANGELES,90044,1,1.00 (1 0 0 0),,$0.00,,"$1,700","$1,700","$1,700",480,$3.54,1922,1,"Gas Dryer Hookup,Washer Hookup",,1-Year,Unfurnished,424-732-2821,"3,247"
AR26163227MR,Apartment,324,324  N Electric  #C,ALHAMBRA,91801,1,1.00 (1 0 0 0),,$0.00,50,"$1,700","$1,700","$1,700",650,$2.62,1964,1,Community,No,1-Year,Unfurnished,626-695-6688,"7,927"
26865103,,12534,12534  W Gilmore Ave ,Los Angeles,90066,0,1.00 (1 0 0 0),,,,"$1,700","$3,400","$1,700",333,$5.11,2018,0,None,No,"1+Year,1-Year",Both,213-444-8366,"4,306"
SB26164583MR,Apartment,3656,3656   Garnet  #317,TORRANCE,90503,0,1.00 (1 0 0 0),,$0.00,,"$1,750","$1,750","$1,750",371,$4.72,1969,1,Laundry Area,No,1-Year,Unfurnished,424-732-2821,"81,808"
SR26163500MR,Apartment,314,314   6th  #302,LOS ANGELES,90014,0,1.00 (1 0 0 0),,$500.00,,"$1,750","$1,985","$1,750",570,$3.07,1906,0,Inside,,1-Year,Unfurnished,818-458-7631,"12,136"
PW26163584MR,Apartment,9716,9716   Laurel  #2,BELLFLOWER,90706,1,1.00 (1 0 0 0),,$1.00,,"$1,775","$1,775","$1,775",500,$3.55,1963,0,Community,,1-Year,Unfurnished,562-547-3517,"6,641"
SR26161011MR,Condominium,7009,7009   Comanche  ,WINNETKA,91306,1,1.00 (1 0 0 0),,$0.00,,"$1,795","$1,795","$1,795",335,$5.36,2025,0,"In Kitchen,Washer Hookup",No,1-Year,Unfurnished,661-714-0777,0
PW26164031MR,,11016,11016   Townley DR ,WHITTIER,90606,1,1.00 (1 0 0 0),,$0.00,,"$1,795",$900,"$1,795",500,$3.59,1950,0,None,No,Negotiable,Unfurnished,562-714-0255,"8,255"
SR26161224MR,Single Family,8544,8544   Wisner AVE ,NORTH HILLS,91343,0,1.00 (1 0 0 0),,$0.00,,"$1,800","$1,800","$1,800",800,$2.25,1954,0,"In Closet,Inside",,1-Year,Unfurnished,818-800-9595,"6,981"
SR26161589MR,Single Family,6015,6015   Encino  ,ENCINO,91316,1,1.00 (1 0 0 0),,$500.00,,"$1,800","$1,800","$1,800",400,$4.50,1949,0,"Inside,Laundry Closet Stacked,Stackable W/D Hookup",Yes,1-Year,Unfurnished,818-521-7309,"5,489"
AR26164083MR,Condominium,208,208  N Lincoln AVE #303,MONTEREY PARK,91755,1,1.00 (1 0 0 0),,$0.00,100,"$1,850","$1,650","$1,850",761,$2.43,2005,1,In Closet,No,1-Year,Furnished,626-524-8210,"34,617"
26865219,,5029,5029   CARTWRIGHT AVE #5029 1/2,NORTH HOLLYWOOD,91601,1,1.00 (1 0 0 0),,,,"$1,850","$1,850","$1,850",800,$2.31,1952,1,"Community,Other,Laundry Area",Call,1+Year,Unfurnished,310-408-5530,"9,048"
PW26163875MR,Apartment,4520,4520  S Normandie  ,LOS ANGELES,90037,1,1.00 (1 0 0 0),,$0.00,,"$1,850","$1,850","$1,850",550,$3.36,1936,0,None,No,1-Year,Unfurnished,562-225-5852,"6,370"
26863835,Apartment,5950,5950   Carlton Way #8,Los Angeles,90028,1,1.00 (1 0 0 0),,,,"$1,850","$1,850","$1,850",800,$2.31,1958,1,Community,No,1+Year,Unfurnished,323-533-6155,"8,994"
26865303,,4100,4100  W 1st St #203,Los Angeles,90004,1,1.00 (1 0 0 0),,,,"$1,895","$1,895","$1,895",703,$2.70,1963,1,Community,Yes,1+Year,Unfurnished,310-493-9895,"8,926"
PV26164985MR,Condominium,735,735   Cedar Avenue ,LONG BEACH,90813,1,1.00 (1 0 0 0),,$0.00,,"$1,900","$1,900","$1,900",603,$3.15,1957,0,Community,No,1-Year,Furnished,,"15,027"
DW26162450MR,,8930,8930   Kauffman AVE #E,SOUTH GATE,90280,1,1.00 (1 0 0 0),,$0.00,150,"$1,900","$1,850","$1,900",490,$3.88,1949,0,"Community,Laundry Area",No,Month-to-Month,Unfurnished,323-216-0951,"7,657"
26865221,,628,628  S Osage Ave #7,Inglewood,90301,1,1.00 (1 0 0 0),,,,"$1,900","$1,900","$1,900",750,$2.53,1959,1,Community,No,1+Year,Unfurnished,323-559-9081,"9,385"
26864591,,4817,4817   Oakwood Ave ,Los Angeles,90004,1,1.00 (1 0 0 0),,,,"$1,900","$1,900","$1,900",700,$2.71,1957,2,Outside,Call,1+Year,Unfurnished,213-305-5636,"7,260"
SR26164873MR,Condominium,312,312  W 5th ST #926,LOS ANGELES,90013,0,1.00 (1 0 0 0),,$150.00,,"$1,900","$4,000","$1,900",550,$3.45,1923,1,"Electric Dryer Hookup,Hookup - Electric,Washer Hookup",,1-Year,Unfurnished,,
AR26161760MR,Apartment,1124,1124   Cordova ST #2,PASADENA,91106,1,1.00 (1 0 0 0),,$0.00,,"$1,950","$1,950","$1,950",550,$3.55,1898,2,Community,,1-Year,Unfurnished,626-664-9163,"8,265"
26863937,,3901,3901  S Orange Dr ,Los Angeles,90008,1,1.00 (1 0 0 0),,,,"$1,950","$1,950","$1,950",360,$5.42,1947,0,In Unit,No,1+Year,Both,310-590-9808,"8,190"
PF26162913PF,Apartment,1820,1820  N Edgemont  #2,LOS ANGELES,90027,1,1.00 (1 0 0 0),,$0.00,,"$1,950","$1,950","$1,950",850,$2.29,1957,0,"Community,Laundry Area",No,1-Year,Unfurnished,818-590-9246,"7,002"
26864003,,750,750  S Kingsley Dr #205,Los Angeles,90005,0,1.00 (1 0 0 0),,,,"$1,960","$1,500","$1,960",454,$4.32,2023,1,"In Unit,Inside",Call,1+Year,Unfurnished,213-276-2727,"19,846"
PW26161673MR,Apartment,409,409  E Market  ,LONG BEACH,90805,2,1.00 (1 0 0 0),,$0.00,,"$1,995","$1,500","$1,995",750,$2.66,1961,0,None,No,1-Year,Unfurnished,714-625-7240,"12,027"
WS26117447MR,,3810,3810   Stockbridge AVE ,LOS ANGELES,90032,1,1.00 (1 0 0 0),,$0.00,,"$1,995","$1,995","$1,995",600,$3.33,1949,0,None,No,1-Year,Unfurnished,626-636-5208,"5,845"
26864383,,6627,6627   Kraft Ave #1/2,North Hollywood,91606,1,1.00 (1 0 0 0),,,,"$1,995","$2,095","$1,995",340,$5.87,2023,1,In Unit,Call,1+Year,Unfurnished,310-940-2818,"6,752"
SR26161619MR,Single Family,6539,6539  N Bobbyboyar AVE ,WEST HILLS,91307,1,1.00 (1 0 0 0),,$500.00,,"$1,999","$1,995","$1,999",450,$4.44,2022,0,"Inside,Laundry Closet Stacked,Stackable W/D Hookup",No,1-Year,Unfurnished,818-521-7309,"7,136"
CV26159645MR,,901,901  N Indian Hill BLVD ,CLAREMONT,91711,0,1.00 (0 1 0 0),,$0.00,50,"$2,000","$2,000","$2,000","1,457",$1.37,1926,2,None,No,1-Year,Unfurnished,909-322-2100,"9,224"
SR26162200MR,Apartment,6907,6907   Laramie AVE ,WINNETKA,91306,1,1.00 (1 0 0 0),,$500.00,,"$2,000","$2,100","$2,000",400,$5,2025,0,"Dryer,Dryer Included,Inside,Washer,Washer Hookup,Washer Included",,"1+Year,1-Year",Unfurnished,818-472-6575,"7,495"
CV26162297MR,,920,920  N Alameda AVE ,AZUSA,91702,2,1.00 (1 0 0 0),,$0.00,,"$2,000","$2,000","$2,000","1,000",$2,1983,1,Garage,Yes,Month-to-Month,Unfurnished,626-733-6296,"8,000"
SR26164828MR,Apartment,314,314   6th  #609,LOS ANGELES,90014,0,1.00 (1 0 0 0),,$500.00,,"$2,000","$1,985","$2,000",714,$2.80,1906,0,Inside,,1-Year,Unfurnished,818-458-7631,"12,136"
SB26161335MR,,1921,1921  E 6th ST ,LONG BEACH,90802,2,1.00 (1 0 0 0),,$0.00,,"$2,050","$2,050","$2,050",585,$3.50,1900,1,Laundry Area,No,1-Year,Unfurnished,424-732-2821,"6,063"
GD26163970IT,,825,825   Green ST ,GLENDALE,91205,1,1.00 (1 0 0 0),,$0.00,,"$2,095","$2,095","$2,095",630,$3.33,1942,1,"Room,Washer Hookup",,1-Year,Unfurnished,818-822-7901,"5,085"
SR26162188MR,,44945,44945   Trevor AVE ,LANCASTER,93534,2,1.00 (1 0 0 0),,$250.00,,"$2,099","$2,099","$2,099",650,$3.23,1951,0,None,,"1+Year,1-Year,Negotiable",Unfurnished,818-331-5033,"8,534"
26864245,,1227,1227  N Harper Ave #8,West Hollywood,90046,0,1.00 (1 0 0 0),,,,"$2,099","$2,099","$2,099",450,$4.66,1955,1,Community,Call,"1+Year,12 Months",Unfurnished,310-270-1532,"12,995"
226003572VC,Condominium,5800,5800   Kanan RD #250,AGOURA HILLS,91301,1,1.00 (1 0 0 0),,,,"$2,100","$2,100","$2,100",501,$4.19,1978,2,Community,,,Unfurnished,(805) 300-4881,"525,238"
26865293,,1000,1000  N Orange Grove Ave #2,West Hollywood,90046,1,1.00 (1 0 0 0),,,,"$2,150","$2,150","$2,150",753,$2.86,1953,1,Community,Yes,1+Year,Unfurnished,310-493-9895,"6,454"
SB26163956MR,,332,332   Daisy  ,LONG BEACH,90802,1,1.00 (1 0 0 0),,$0.00,,"$2,150","$2,150","$2,150",530,$4.06,1913,0,Room,,1-Year,Unfurnished,310-447-4724,"7,540"
SB26161176MR,Apartment,19514,19514   Donora  ,TORRANCE,90503,0,1.00 (0 1 0 0),,$0.00,,"$2,170","$3,000","$2,170",480,$4.52,1955,0,"Dryer,Dryer Included,In Kitchen,Laundry Closet Stacked,Stackable W/D Hookup,Washer,Washer Included",No,1-Year,Unfurnished,310-505-7493,"4,998"
CV26162984MR,Condominium,7250,7250   Franklin AVE #506,LOS ANGELES,90046,0,1.00 (1 0 0 0),,$0.00,,"$2,200","$2,200","$2,200",492,$4.47,1964,2,Community,No,1-Year,Unfurnished,6265087551,"53,531"
26865205,,4535,4535   Matilija Ave ,Los Angeles,91423,0,1.00 (1 0 0 0),,,,"$2,200","$4,400","$2,200",464,$4.74,1946,0,Garage,No,"1+Year,1-Year,24 Months,Negotiable",Unfurnished,310-597-1924,"11,495"
GD26163585IT,Single Family,14673,14673   Clymer St ,MISSION HILLS,91345,1,2.00 (1 0 1 0),,$300.00,,"$2,200","$2,350","$2,200",560,$3.93,2024,0,Inside,,1-Year,Unfurnished,818-406-8621,"8,285"
OC26163169MR,Apartment,4475,4475  W 59th PL #A,VIEW PARK,90056,1,1.00 (1 0 0 0),,$0.00,,"$2,200","$2,200","$2,200",950,$2.32,1948,0,Laundry Area,No,1-Year,Unfurnished,949-628-0716,"7,110"
WS26164125MR,Single Family,16401,16401   Fallen Oak RD ,HACIENDA HEIGHTS,91745,3,1.00 (1 0 0 0),,$0.00,,"$2,200","$2,200","$2,200","1,000",$2.20,1972,0,None,No,1-Year,Furnished,626-297-7474,"8,763"
SB26163454MR,Apartment,1420,1420  N Mansfield  #309,LOS ANGELES,90028,1,1.00 (1 0 0 0),,$0.00,,"$2,200","$2,200","$2,200",775,$2.84,1973,1,"Community,Laundry Area",,1-Year,Unfurnished,424-304-4509,"15,000"
26863507,,4084,4084   Creed Ave #4084 1/2,Los Angeles,90008,0,1.00 (1 0 0 0),,,,"$2,200","$2,200","$2,200",450,$4.89,1936,0,Laundry Area,Call,1-Year,Unfurnished,310-200-0414,"4,501"
WS26163912MR,Apartment,181,181  E 9th ST ,AZUSA,91702,2,1.00 (1 0 0 0),,$0.00,,"$2,200","$2,200","$2,200",850,$2.59,1994,2,Garage,No,1-Year,Unfurnished,626-636-5208,"5,607"
PW26155088MR,Apartment,1107,1107  E 3rd Unit #9  ,LONG BEACH,90802,1,1.00 (1 0 0 0),,$500.00,,"$2,200",$0,"$2,200",397,$5.54,2026,0,"Dryer,Dryer Included,Washer,Washer Included",,1-Year,Unfurnished,562-760-9447,"8,446"
26865581,Apartment,1295,1295   FEDERAL AVE #14,LOS ANGELES,90025,1,1.00 (1 0 0 0),,,,"$2,250","$2,250","$2,250",750,$3,1960,0,Community,No,1+Year,Unfurnished,3105690280,"18,208"
BB26161763MR,Apartment,1804,1804   Tamerlane DR #D,GLENDALE,91208,2,1.00 (1 0 0 0),,$0.00,,"$2,250","$2,250","$2,250",900,$2.50,1950,1,Community,No,1-Year,Unfurnished,323-301-0000,"29,731"
WS26162415MR,Condominium,100,100  S Alameda  #206,LOS ANGELES,90012,1,1.00 (1 0 0 0),,$0.00,,"$2,280","$2,280","$2,280",735,$3.10,2005,1,"Dryer,Dryer Included,In Closet,Washer,Washer Included",,1-Year,Unfurnished,626-560-0773,"138,056"
GD26160995IT,Apartment,6851,6851   Agnes AVE #2,NORTH HOLLYWOOD,91605,1,1.00 (1 0 0 0),,$0.00,,"$2,285","$2,285","$2,285",642,$3.56,1962,1,Laundry Area,No,1-Year,Unfurnished,818-378-7305,"8,104"
26863615,,7209,7209   Willoughby Ave #10,Los Angeles,90046,1,1.00 (1 0 0 0),,,,"$2,295","$2,295","$2,295",750,$3.06,,1,Community,Call,1+Year,Unfurnished,323-443-6005,0
WS26162611MR,Apartment,122,122  N Lincoln  #R,MONTEREY PARK,91755,2,1.00 (1 0 0 0),,$0.00,50,"$2,300","$2,200","$2,300","21,039",$0.11,1960,1,Community,,1-Year,Unfurnished,,"34,501"
SB26163602MR,,1634,1634 1/2 W 214th  ,LOS ANGELES,90501,1,1.00 (1 0 0 0),,$0.00,,"$2,300","$2,300","$2,300",599,$3.84,2026,1,"Dryer,Dryer Included,In Closet,Washer,Washer Included",No,1-Year,Unfurnished,310-995-4527,"6,008"
CV26161274MR,Apartment,211,211   Magnolia  #115,GLENDALE,91204,2,2.00 (2 0 0 0),,$500.00,,"$2,300","$2,300","$2,300",987,$2.33,1988,2,Laundry Area,,1-Year,Unfurnished,626-622-4855,"22,338"
26863309,Apartment,13406,13406   Moorpark St #102,Los Angeles,91423,2,2.00 (2 0 0 0),,,,"$2,300","$2,300","$2,300",900,$2.56,1987,2,Community,No,12 Months,Unfurnished,323-696-5375,"6,007"
WS26162590MR,,4769,4769   Dozier ST ,LOS ANGELES,90022,2,1.00 (1 0 0 0),,$350.00,,"$2,300","$3,000","$2,300",800,$2.88,1992,1,Outside,,1-Year,Unfurnished,626-905-9085,"4,918"
26864205,,1245,1245  S Orange St #201,Glendale,91204,1,1.00 (1 0 0 0),,,,"$2,300","$2,300","$2,300",750,$3.07,1927,0,Laundry Area,Yes,24 Months,Unfurnished,3102699978,"8,500"
OC26161881MR,,1612,1612  W 226th  #B,TORRANCE,90501,2,1.00 (1 0 0 0),,"$2,300.00",,"$2,300","$2,300","$2,300",850,$2.71,1948,1,Laundry Area,,1-Year,Unfurnished,310-951-8509,"7,202"
WS26163291MR,Condominium,777,777  E Valley  #107,ALHAMBRA,91801,2,2.00 (2 0 0 0),,$0.00,,"$2,300","$2,300","$2,300","1,100",$2.09,1963,1,Laundry Area,No,1-Year,Unfurnished,626-377-6923,"474,335"
PW26162883MR,,600,600  N Rose AVE #B,COMPTON,90221,2,1.00 (1 0 0 0),,$50.00,,"$2,300","$2,300","$2,300",768,$2.99,1948,1,Other,,1-Year,Unfurnished,7149368900,"6,500"
P1-28171PF,,408,408  S Avenue 20  #1/2,LOS ANGELES,90031,2,1.00 (1 0 0 0),,$500.00,,"$2,300","$2,300","$2,300","1,000",$2.30,1895,0,"Dryer,Dryer Included,Washer,Washer Included",,1-Year,Unfurnished,(626) 483-1884,"9,124"
PW26161132MR,Apartment,2844,2844   Ardmore  #1,SOUTH GATE,90280,2,1.00 (1 0 0 0),,$0.00,,"$2,300","$2,300","$2,300",692,$3.32,1964,1,Laundry Area,,1-Year,Unfurnished,7149368900,"9,875"
RS26163301MR,Apartment,9234,9234   Palm  ,BELLFLOWER,90706,2,2.00 (2 0 0 0),,$0.00,,"$2,300","$1,500","$2,300","1,000",$2.30,1986,0,Community,No,1-Year,Unfurnished,562-881-8265,"29,383"
PW26161605MR,,5923,5923 1/4  Haas Ave ,LOS ANGELES,90047,0,1.00 (1 0 0 0),,$0.00,,"$2,300","$2,300","$2,300",450,$5.11,2025,0,None,No,1-Year,Furnished,,"4,246"
OC26164700MR,Condominium,11138,11138   Aqua Vista  #29,STUDIO CITY,91602,1,1.00 (1 0 0 0),,$0.00,,"$2,300","$2,300","$2,300",764,$3.01,1963,2,"Dryer,Dryer Included,Inside,Washer,Washer Included",,"1-Year,Month-to-Month,Other",,,"129,439"
26863483,,19052,19052 1/2  Friar St  ,Tarzana,91335,1,1.00 (1 0 0 0),,,,"$2,300","$2,300","$2,300",360,$6.39,,0,In Kitchen,Call,1-Year,Unfurnished,323-400-9656,"7,192"
TR26164431MR,Condominium,22725,22725   Lakeway DR #393,DIAMOND BAR,91765,2,2.00 (2 0 0 0),,$0.00,,"$2,350","$3,000","$2,350",912,$2.58,1986,2,Inside,,1-Year,Unfurnished,,"137,828"
TR26162265MR,Apartment,1651,1651   golden gate  ,LOS ANGELES,90026,1,1.00 (1 0 0 0),,$0.00,,"$2,350","$2,350","$2,350",650,$3.62,1965,1,Inside,,1-Year,Unfurnished,909-576-2588,"7,969"
PV26163533MR,,1053,1053 1/2 N Hyatt  ,WILMINGTON,90744,2,1.00 (1 0 0 0),,$0.00,,"$2,350","$2,350","$2,350",600,$3.92,2026,0,Inside,,1-Year,Unfurnished,310-779-6892,"5,000"
DW26162530MR,,35,35  W Washington  ,PASADENA,91103,2,1.00 (1 0 0 0),,$500.00,150,"$2,450","$2,450","$2,350",800,$2.94,1951,0,Other,,1-Year,Unfurnished,951-238-8322,"5,996"
SR26161063MR,Apartment,10900,10900   Blix  #14,LOS ANGELES,91602,2,2.00 (2 0 0 0),50,$500.00,50,"$2,350",$500,"$2,350","10,094",$0.23,1986,4,Community,,"1-Year,Other",Unfurnished,818-239-6320,"10,960"
SR26162258MR,Single Family,18919,18919   Keswick Street ,RESEDA,91335,1,1.00 (1 0 0 0),,$250.00,,"$2,375","$2,375","$2,375",600,$3.96,1960,2,In Closet,,1-Year,,213-308-7488,"5,000"
WS26159089MR,Apartment,1712,1712   Gillette Crescent  #A,SOUTH PASADENA,91030,1,1.00 (1 0 0 0),,$0.00,,"$2,395","$2,395","$2,395",612,$3.91,1924,0,"Gas Dryer Hookup,Washer Hookup",,1-Year,Unfurnished,3236577591,"14,119"
SR26156473MR,Single Family,24019,24019   Sylvan ST ,WOODLAND HILLS,91367,1,1.00 (1 0 0 0),,$500.00,,"$2,399","$2,399","$2,399",600,$4.00,2024,0,"Dryer,Dryer Included,In Kitchen,Washer,Washer Included",,"1+Year,1-Year",Furnished,310-905-2366,"2,000"
BB26163580MR,Condominium,26816,26816   Claudette  #315,CANYON COUNTRY,91351,2,2.00 (1 1 0 0),,$0.00,,"$2,400","$2,400","$2,400",964,$2.49,1988,2,"Gas Or Electric Dryer Hookup,In Closet,Washer Hookup",No,1-Year,Unfurnished,818-823-7443,"532,803"
26863939,,5760,5760   Melrose Ave ,Los Angeles,90038,1,1.00 (1 0 0 0),,,,"$2,400","$2,400","$2,400",600,$4,1924,0,None,Call,1+Year,Unfurnished,310-944-8611,"2,161"
26863527,,5754,5754   Melrose Ave ,Los Angeles,90038,1,1.00 (1 0 0 0),,,,"$2,400","$2,400","$2,400",600,$4,1924,0,None,Call,1+Year,Unfurnished,310-944-8611,"2,161"
PW26161531MR,Single Family,5923,5923 1/2  Haas Ave ,LOS ANGELES,90047,1,1.00 (1 0 0 0),,$0.00,,"$2,400","$2,400","$2,400",450,$5.33,2025,0,"Dryer,Dryer Included,Washer,Washer Included",No,1-Year,Furnished,,"4,246"
PW26162778MR,,1308,1308 1/2 S Van Ness AVE ,LOS ANGELES,90019,2,1.00 (1 0 0 0),,$0.00,,"$2,400","$2,400","$2,400","1,112",$2.16,1922,2,"Dryer,Dryer Included,Inside,Laundry Closet Stacked,Stackable W/D Hookup,Washer,Washer Included",,1-Year,Unfurnished,714-878-2335,"7,802"
26864987,,10043,10043   Haines Canyon Ave #F,Los Angeles,91042,2,1.00 (1 0 0 0),,,,"$2,450","$2,450","$2,450","9,588",$0.26,1957,2,"Laundry Area,Community",Yes,1+Year,Unfurnished,818-967-6311,"17,018"
SR26163104MR,Apartment,15425,15425   Sherman  #101,VAN NUYS,91406,2,2.00 (2 0 0 0),,$500.00,,"$2,450","$2,450","$2,450",930,$2.63,1976,2,Laundry Area,,1-Year,Unfurnished,818-851-7311,"152,347"
SR26161403MR,Apartment,2140,2140 -1/2  Lincoln ST ,BURBANK,91504,2,1.00 (1 0 0 0),,$300.00,,"$2,450","$2,450","$2,450",700,$3.50,1951,1,Laundry Area,,Negotiable,Unfurnished,,"8,775"
AR26162464MR,Condominium,645,645   9th  #632,LOS ANGELES,90015,1,1.00 (1 0 0 0),,$400.00,100,"$2,480","$2,000","$2,480",810,$3.06,2006,1,Inside,,1-Year,Unfurnished,626-482-2255,"74,818"
26864477,,5724,5724   La Mirada Ave ,Los Angeles,90038,1,1.00 (1 0 0 0),,,,"$2,490","$2,490","$2,490",850,$2.93,1912,1,"Inside,In Unit,In Kitchen",Call,1+Year,Unfurnished,310-801-1333,"7,502"
26864807,,1337,1337  S Hoover St #1505 # 3,Los Angeles,90006,2,1.00 (1 0 0 0),,,,"$2,495","$2,495","$2,495",950,$2.63,1967,1,In Unit,Yes,1+Year,Unfurnished,310-438-5885,"80,912"
26865481,Condominium,1155,1155  S Grand Ave #713,Los Angeles,90015,0,1.00 (1 0 0 0),,,,"$2,495","$2,500","$2,495",750,$3.33,2008,1,In Unit,Call,"1+Year,Negotiable",Both,213-327-5436,"52,748"
SR26163508MR,Single Family,14926,14926 1/2  Kittridge ST ,VAN NUYS,91405,1,1.00 (1 0 0 0),,$250.00,,"$2,495","$1,495","$2,495",600,$4.16,1950,2,"In Closet,Inside",,1-Year,Unfurnished,213-308-7488,"10,249"
GD26164650IT,,528,528   Ivy ST ,GLENDALE,91204,1,1.00 (1 0 0 0),,$0.00,,"$2,500","$2,500","$2,500",800,$3.13,1941,0,"Dryer,Dryer Included,Room,Washer,Washer Included",No,1-Year,Unfurnished,,"10,349"
CV26161439MR,,171,171  N Alameda  #B,AZUSA,91702,2,2.00 (2 0 0 0),,$0.00,,"$2,500","$2,500","$2,500","1,000",$2.50,1991,0,In Closet,No,1-Year,Unfurnished,626-733-6296,"6,947"
PW26163921MR,Apartment,4516,4516  S Normandie  #1/2,LOS ANGELES,90037,2,1.00 (1 0 0 0),,$0.00,,"$2,500","$2,500","$2,500",750,$3.33,1936,0,None,No,1-Year,Unfurnished,562-225-5852,"6,370"
SR26164651MR,Apartment,8321,8321   Quartz AVE #1/4,WINNETKA,91306,1,1.00 (1 0 0 0),,$0.00,,"$2,500","$2,500","$2,500",464,$5.39,1949,1,"Dryer,Dryer Included,Washer,Washer Included",,"1+Year,1-Year",Unfurnished,310-498-4227,"9,453"
AR26161986MR,Apartment,530,530  S Primrose AVE ,MONROVIA,91006,1,1.00 (1 0 0 0),,$0.00,,"$2,500","$2,500","$2,500",800,$3.13,2007,0,"In Closet,Inside,Laundry Closet Stacked,Stackable W/D Hookup",No,1-Year,Unfurnished,626-841-2387,"9,110"
SR26162838MR,Single Family,709,709  W Avenue H12  ,LANCASTER,93534,3,1.00 (1 0 0 0),,$0.00,,"$2,500","$2,500","$2,500",954,$2.62,1953,2,"Gas Dryer Hookup,Washer Hookup",No,"Month-to-Month,Other",Unfurnished,818-277-7154,"5,943"
CV26164348MR,Condominium,3565,3565   Linden AVE #154,LONG BEACH,90807,2,2.00 (2 0 0 0),,$0.00,100,"$2,449","$2,449","$2,549",735,$3.47,1973,1,Community,,1-Year,Unfurnished,626-641-9457,"83,468"
CV26163324MR,Condominium,1250,1250  E 1st street #7,LONG BEACH,90802,1,1.00 (1 0 0 0),,$300.00,30,"$2,550","$3,000","$2,550",637,$4.00,1956,1,"Dryer,Dryer Included,Laundry Area,Washer Hookup",Yes,"1+Year,1-Year,Month-to-Month,Other",Furnished,9493064999,
26864853,,1246,1246  N El Centro Ave #1246 1/2,Los Angeles,90038,0,1.00 (1 0 0 0),,,,"$2,550","$2,550","$2,550",500,$5.10,1920,0,"Inside,In Unit",Call,1+Year,Unfurnished,323-660-3600,"6,763"
26865367,Condominium,3810,3810   Wilshire Blvd #2003,Los Angeles,90010,1,1.00 (1 0 0 0),,,,"$2,550","$2,550","$2,550",690,$3.70,1962,1,"In Unit,In Closet",Call,1+Year,Unfurnished,213-255-1298,"64,171"
CV26161409MR,Condominium,300,300  S Prospectors  ,DIAMOND BAR,91765,1,1.00 (1 0 0 0),,$300.00,25,"$2,580","$2,580","$2,580",827,$3.12,1979,2,"Electric Dryer Hookup,Hookup - Electric,Washer Hookup",,1-Year,Unfurnished,626-945-0000,"255,217"
26863599,,12609,12609   Woodgreen St #A,Los Angeles,90066,0,1.00 (0 1 0 0),,,,"$2,595","$2,595","$2,595",,$0,1941,0,None,Call,"1+Year,Negotiable",Furnished,310-666-6941,"5,988"
SR26161889MR,Condominium,5700,5700   Etiwanda AVE #282,TARZANA,91356,2,2.00 (2 0 0 0),,$500.00,50,"$2,595","$2,595","$2,595",938,$2.77,1973,0,Laundry Area,,1-Year,Unfurnished,818-392-4884,
P1-28172PF,Single Family,7731,7731   Ferncola AVE ,LOS ANGELES,91352,2,1.00 (1 0 0 0),,$200.00,50,"$2,599","$2,599","$2,599",788,$3.30,1948,0,Gas Dryer Hookup,Yes,1-Year,Unfurnished,(818) 239-2554,"6,930"
SR26164716MR,Condominium,16015,16015   Pioneer BLVD #21B,NORWALK,90650,2,2.00 (2 0 0 0),,$150.00,65,"$2,600","$2,600","$2,600","1,012",$2.57,1980,2,"Community,Gas Or Electric Dryer Hookup,Washer Hookup",,1-Year,Unfurnished,818-335-8374,"59,714"
26865201,,4244,4244   Duquesne Ave ##8,Culver City,90232,2,2.00 (1 0 1 0),,,,"$2,600","$2,600","$2,600","6,679",$0.39,1964,2,"Community,Garage",No,1+Year,Unfurnished,310-739-1638,"6,297"
26865381,Condominium,655,655  S Hope St #1006,Los Angeles,90017,1,1.00 (1 0 0 0),,,,"$2,600","$2,600","$2,600",660,$3.94,1964,0,In Closet,No,1+Year,Unfurnished,562-688-1252,"11,677"
GD26164338IT,Condominium,1466,1466   Tamarind AVE #101,LOS ANGELES,90028,2,2.00 (2 0 0 0),,$0.00,,"$2,600","$2,500","$2,600","1,000",$2.60,2009,2,Community,No,1-Year,Unfurnished,818-815-9029,"5,040"
GD26162275IT,Single Family,2135,2135  N Brighton St #102,BURBANK,91504,1,1.00 (1 0 0 0),,$0.00,60,"$2,600","$2,600","$2,600",695,$3.74,2026,0,Inside,,"1+Year,1-Year",Unfurnished,818-419-7564,"6,816"
GD26164329IT,Condominium,1466,1466   Tamarind AVE #401,LOS ANGELES,90028,2,2.00 (2 0 0 0),,$0.00,,"$2,600","$2,600","$2,600","1,000",$2.60,2009,2,Community,No,1-Year,Unfurnished,818-815-9029,"5,040"
26864431,,2986,2986   Waverly Dr #4,Los Angeles,90039,1,1.00 (1 0 0 0),,,,"$2,600","$2,600","$2,600",600,$4.33,1956,1,None,No,1+Year,Unfurnished,213-300-4567,"6,934"
26865563,Apartment,1227,1227   Franklin St #B,Santa Monica,90404,1,1.00 (1 0 0 0),,,,"$2,625","$2,625","$2,625",750,$3.50,1953,2,Community,Yes,"1+Year,Negotiable",Unfurnished,310-386-4398,"7,102"
26863253,Apartment,12132,12132   Hart St #301,North Hollywood,91605,2,2.00 (2 0 0 0),,,,"$2,650","$2,650","$2,650",929,$2.85,2016,2,"Laundry Area,Community",No,"1+Year,12 Months,1-Year,Negotiable,Other",Unfurnished,818-844-7109,"8,819"
SR26161815MR,,5711,5711   Woodman AVE ,VALLEY GLEN,91401,2,1.00 (1 0 0 0),,$500.00,,"$2,650","$1,500","$2,650",850,$3.12,1959,0,Laundry Area,,1-Year,Unfurnished,310-308-8003,"7,500"
SB26164623MR,Apartment,3656,3656   Garnet  #321,TORRANCE,90503,2,1.00 (1 0 0 0),,$0.00,,"$2,650","$2,650","$2,650",992,$2.67,1969,1,Laundry Area,No,1-Year,Unfurnished,424-732-2821,"81,808"
26863479,Single Family,6503,6503   Lindenhurst Ave ,Los Angeles,90048,1,1.00 (1 0 0 0),,,,"$2,650","$2,650","$2,650",634,$4.18,2025,0,"In Unit,Inside,Room",No,"1-Year,1+Year,12 Months",Unfurnished,3107094846,"6,202"
26863851,,1307,1307   Innes Pl #A,Venice,90291,1,1.00 (1 0 0 0),,,,"$2,695","$2,695","$2,695",600,$4.49,1910,1,Community,Call,1+Year,Unfurnished,310-804-6655,"2,400"
RS26163971MR,,9617,9617   Walnut  ,BELLFLOWER,90706,2,1.00 (1 0 0 0),2600,$30.00,100,"$2,695","$2,600","$2,695","1,100",$2.45,1959,3,In Kitchen,,1-Year,Unfurnished,562-572-1615,"12,194"
SR26163478MR,Apartment,314,314   6th  #405,LOS ANGELES,90014,1,2.00 (1 0 1 0),,$500.00,,"$2,695","$1,985","$2,695",824,$3.27,1906,0,Inside,,1-Year,Unfurnished,818-458-7631,"12,136"
AR26161820MR,,2218,2218   Continental AVE ,SOUTH EL MONTE,91733,2,2.00 (0 1 1 0),,$0.00,,"$2,700","$2,700","$2,700",574,$4.70,1950,1,"Gas Dryer Hookup,Washer Hookup",,1-Year,Unfurnished,626-824-5184,"9,002"
AR26161320MR,,2212,2212   Continental AVE #B,SOUTH EL MONTE,91733,2,1.00 (1 0 0 0),,$0.00,,"$2,700","$2,700","$2,700",736,$3.67,1950,1,"Gas Dryer Hookup,Washer Hookup",,1-Year,Unfurnished,626-824-5184,"9,002"
OC26163632MR,Townhouse,1835,1835  W 145th ST #9,GARDENA,90249,2,2.00 (1 0 1 0),,$0.00,100,"$2,700","$2,700","$2,700","1,151",$2.35,1982,2,In Closet,No,1-Year,Unfurnished,949-517-2575,"11,336"
AR26160984MR,Single Family,936,936  E Sandra  ,ARCADIA,91006,2,1.00 (1 0 0 0),,$0.00,,"$2,750","$2,750","$2,750",696,$3.95,1949,0,"Gas Dryer Hookup,Washer Hookup",No,1-Year,Unfurnished,626-208-7788,"5,295"
SR26164745MR,Condominium,4809,4809   Kester  ,LOS ANGELES,91403,2,3.00 (3 0 0 0),,$0.00,,"$2,750","$2,750","$2,750","1,105",$2.49,1994,2,Inside,,1-Year,Unfurnished,818-636-5015,"6,360"
26865589,,10982,10982   Roebling Ave #313,Los Angeles,90024,1,1.00 (1 0 0 0),,,,"$2,750","$2,750","$2,750",663,$4.15,1973,1,Community,No,1-Year,Furnished,310-428-1355,"79,818"
WS26161396MR,Condominium,22874,22874   Hilton Head  ,DIAMOND BAR,91765,2,2.00 (2 0 0 0),,$0.00,,"$2,780","$2,500","$2,780",934,$2.98,1981,2,"Dryer,Dryer Included,Gas Dryer Hookup,Inside,Laundry Chute,Room,Washer,Washer Hookup,Washer Included",,1-Year,Furnished,626-251-3389,"112,254"
26864689,,1223,1223   Maple St ,Inglewood,90301,2,1.00 (1 0 0 0),,,,"$2,795","$2,795","$2,795",850,$3.29,1939,0,None,Call,1+Year,Unfurnished,310-567-4865,"7,127"
26864869,Apartment,629,629   Hardin Dr #1,Inglewood,90302,2,1.00 (1 0 0 0),,,,"$2,795","$2,795","$2,795",900,$3.11,1956,2,"In Kitchen,In Unit,Inside",Yes,"1+Year,1-Year,12 Months",Unfurnished,310-384-6838,"8,886"
226003591VC,,22158,22158   Eccles ST ,WEST HILLS,91304,2,1.00 (0 1 0 0),,,,"$2,799","$4,198","$2,799",650,$4.31,2026,0,,,,,(805) 338-5288,
P1-28205PF,Single Family,14422,14422   Judd ST ,ARLETA,91331,2,1.00 (1 0 0 0),,$500.00,,"$2,800","$2,800","$2,800",800,$3.50,2025,0,"Dryer,Dryer Included,Inside,Laundry Closet Stacked,Stackable W/D Hookup,Washer,Washer Included",,1-Year,Unfurnished,,"7,501"
GD26161357IT,Single Family,6641,6641   Agnes AVE ,NORTH HOLLYWOOD,91606,2,2.00 (2 0 0 0),,$0.00,,"$2,800","$2,800","$2,800","1,000",$2.80,1927,0,"Gas Dryer Hookup,Washer,Washer Included",,1-Year,Unfurnished,818-281-8812,"3,000"
26864681,,5370,5370   1/2 Village Grn ,Los Angeles,90016,2,1.00 (1 0 0 0),,,,"$2,800","$2,800","$2,800",982,$2.85,1942,2,Community,No,1+Year,Unfurnished,310-990-9951,"557,395"
26863863,,4479,4479  W 61st St #4479,Los Angeles,90043,2,1.00 (1 0 0 0),,,,"$2,800","$2,800","$2,800","1,000",$2.80,1940,0,Outside,No,1+Year,Unfurnished,323-481-4164,"8,214"
PW26162888MR,,4880,4880   Pacific AVE ,LONG BEACH,90805,3,2.00 (2 0 0 0),,$0.00,40,"$2,800","$2,950","$2,800","1,100",$2.55,1942,0,Laundry Area,No,1-Year,Unfurnished,,"5,083"
26863429,Single Family,4812,4812   Pickford ST ,LOS ANGELES,90019,2,1.00 (0 1 0 0),,,,"$2,800","$2,800","$2,800",,$0,2007,1,"In Kitchen,In Unit,Inside",Call,1+Year,Unfurnished,310-699-6946,"4,600"
P1-28222PF,Single Family,416,416   Sinclair AVE #A,GLENDALE,91206,1,2.00 (1 0 1 0),,$200.00,,"$2,800","$2,800","$2,800",800,$3.50,2023,0,"Gas Dryer Hookup,Outside,Washer Hookup",,1-Year,Unfurnished,(213) 290-3678,"6,185"
WS26163133MR,,1115,1115  W Alhambra  ,ALHAMBRA,91801,2,1.00 (1 0 0 0),,$0.00,2,"$2,800","$2,800","$2,800",830,$3.37,1922,1,Inside,No,1-Year,Furnished,626-615-0493,"8,038"
CV26161797MR,Condominium,645,645  W 9th ST #314,LOS ANGELES,90015,2,2.00 (2 0 0 0),,$500.00,200,"$2,800","$2,800","$2,800","1,020",$2.75,2006,1,"Dryer,Dryer Included,In Closet,Inside,Washer,Washer Included",,"1+Year,1-Year",Unfurnished,626-652-1510,"74,742"
26864717,,5830,5830   Bowcroft St #4,Los Angeles,90016,2,1.00 (1 0 0 0),,,,"$2,800","$3,500","$2,800",903,$3.10,1949,1,In Unit,Call,1+Year,Unfurnished,310-666-7424,"224,971"
26865225,Apartment,937,937  S Bedford St ,Los Angeles,90035,2,1.00 (1 0 0 0),,,,"$2,850","$2,850","$2,850",845,$3.37,1951,6,Laundry Area,Call,"1+Year,1-Year",Unfurnished,818-532-8400,"6,384"
26864145,,16144,16144  W Sunset Blvd #2,Pacific Palisades,90272,1,1.00 (1 0 0 0),,,,"$2,850","$2,850","$2,850",850,$3.35,1951,0,Community,Yes,1-Year,Unfurnished,973-985-5535,"6,572"
26865055,,1678,1678   Federal Ave #4,Los Angeles,90025,2,2.00 (2 0 0 0),,,,"$2,850","$2,850","$2,850",,$0,,1,In Carport,Call,12 Months,Unfurnished,310-467-6985,"6,117"
26864575,,515,515  N Alfred St #204,West Hollywood,90048,2,2.00 (2 0 0 0),,,,"$2,850","$2,850","$2,850","1,100",$2.59,1961,1,Community,Yes,1+Year,Unfurnished,602-524-7583,"15,919"
26863091,,1325,1325   Washington Ave #B,Santa Monica,90403,1,1.00 (1 0 0 0),,,,"$2,850","$2,850","$2,850",590,$4.83,1953,0,Community,Call,Negotiable,Unfurnished,310-569-3639,"7,526"
P1-28170PF,Single Family,10926,10926   Woodward AVE ,SUNLAND,91040,2,2.00 (2 0 0 0),,$500.00,,"$2,895","$2,895","$2,895",988,$2.93,2025,0,"Dryer,Dryer Included,Inside,Laundry Closet Stacked,Stackable W/D Hookup,Washer,Washer Included",,1-Year,Unfurnished,,"6,052"
SR26162736MR,Single Family,759,759  E Avenue J6  ,LANCASTER,93535,3,2.00 (2 0 0 0),,$0.00,,"$2,895","$2,895","$2,895","1,511",$1.92,1991,4,Garage,No,1-Year,Furnished,661-361-0528,"7,947"
26864063,,5016,5016   CLINTON ST #5016 D,LOS ANGELES,90004,2,1.00 (1 0 0 0),,,,"$2,895","$2,895","$2,895","1,200",$2.41,2023,1,Community,Call,1-Year,Unfurnished,424-248-5426,"36,587"
BB26162974MR,Townhouse,333,333   Riverdale DR #15,GLENDALE,91204,2,2.00 (1 0 1 0),,$500.00,,"$2,895","$2,000","$2,895","1,000",$2.90,1975,1,"Dryer,Dryer Included,Inside,Washer,Washer Included",,1-Year,Unfurnished,,"14,839"
P1-28181PF,Single Family,16034,16034   San Fernando Mission BLVD ,GRANADA HILLS,91344,2,2.00 (2 0 0 0),,$500.00,,"$2,895","$2,895","$2,895",780,$3.71,2025,0,"Dryer,Dryer Included,In Closet,Inside,Laundry Closet Stacked,Stackable W/D Hookup,Washer,Washer Included",,,Unfurnished,,"7,133"
26864549,,394,394  S MIRALESTE DR #496,SAN PEDRO,90732,2,3.00 (1 0 2 0),,,,"$2,900","$2,900","$2,900","1,107",$2.62,1971,2,In Unit,Call,1+Year,Unfurnished,310-562-7418,"324,681"
PW26160686MR,Apartment,1827,1827   E 4 Street Unit #18  ,LONG BEACH,90802,2,1.00 (1 0 0 0),,$500.00,,"$2,900","$1,500","$2,900",700,$4.14,2025,4,"Dryer,Dryer Included",,1-Year,Unfurnished,562-760-9447,"8,767"
WS26164230MR,Condominium,1740,1740   Puente  ,BALDWIN PARK,91706,3,1.00 (1 0 0 0),,$800.00,100,"$2,900","$2,900","$2,900","1,195",$2.43,1973,2,"Dryer,Dryer Included,Washer,Washer Included",,1-Year,Unfurnished,626-886-7089,"150,460"
SB26161693MR,Condominium,8163,8163   Redlands  ,PLAYA DEL REY,90293,1,1.00 (1 0 0 0),,"$1,000.00",,"$2,900","$4,350","$2,900",664,$4.37,1973,1,Community,,1-Year,Unfurnished,310-738-4543,"33,299"
25576883,,1678,1678   Federal Ave #3,Los Angeles,90025,2,2.00 (2 0 0 0),,,,"$2,950","$2,950","$2,950",,$0,,1,In Carport,Call,12 Months,Unfurnished,310-467-6985,"6,117"
26864827,,915,915  S Grand View St ,Los Angeles,90006,2,2.00 (1 0 1 0),,,,"$2,950","$2,950","$2,950","1,184",$2.49,1904,1,In Unit,No,1+Year,Unfurnished,213-500-8954,"6,451"
IN26161654MR,Single Family,3533,3533   116TH  ,INGLEWOOD,90303,3,1.00 (1 0 0 0),50,$500.00,50,"$2,977","$3,850","$2,977","1,300",$2.29,1939,1,In Closet,,1-Year,Unfurnished,310-508-7155,"7,626"
BB26163579MR,Single Family,7879,7879   Claybeck AVE ,SUN VALLEY,91352,2,1.00 (1 0 0 0),,$500.00,,"$2,995","$2,500","$2,995",900,$3.33,1943,0,Inside,,"1+Year,1-Year",Unfurnished,818-818-0351,"8,367"
26863073,,3020,3020  W 12th St #3026,Los Angeles,90006,2,1.00 (1 0 0 0),,,,"$2,995","$2,995","$2,995",850,$3.52,1923,0,Community,Call,1+Year,Unfurnished,310-944-8611,"13,197"
SR26161421MR,Single Family,7318,7318   Leescott AVE ,LAKE BALBOA,91406,2,2.00 (2 0 0 0),,$0.00,,"$2,995","$2,995","$2,995",900,$3.33,2025,0,"Dryer,Dryer Included,In Closet,Inside,Laundry Closet Stacked,On Upper Level,Stackable W/D Hookup,Washer,Washer Included",,1-Year,Unfurnished,818-335-1239,"1,000"
P1-28184PF,Apartment,6824,6824   Ben AVE #1,NORTH HOLLYWOOD,91605,3,2.00 (2 0 0 0),,$500.00,,"$2,995","$2,995","$2,995","1,000",$3.00,2018,0,"Community,Laundry Area,Room",,1-Year,Unfurnished,,"8,002"
26863083,,3020,3020  W 12th St #3024,Los Angeles,90006,2,1.00 (1 0 0 0),,,,"$2,995","$2,995","$2,995",850,$3.52,1923,0,Community,Call,1+Year,Unfurnished,310-944-8611,"13,197"
PT26160239MR,Apartment,955,955   Fedora ST #411,LOS ANGELES,90006,2,2.00 (1 0 1 0),,$0.00,40,"$2,995","$2,995","$2,995",690,$4.34,2021,0,"Dryer,Dryer Included,Inside,Washer,Washer Included",,1-Year,Unfurnished,818-859-9931,"11,823"
26864093,,2528,2528 1/2  Military Ave ,Los Angeles,90064,2,1.00 (1 0 0 0),,,,"$2,995","$2,995","$2,995",650,$4.61,1940,2,Garage,Call,1+Year,Unfurnished,907-529-0259,"6,320"
TR26161801MR,Single Family,749,749  N Viceroy  ,COVINA,91723,3,1.00 (1 0 0 0),,$0.00,,"$3,000","$3,000","$3,000",980,$3.06,1950,2,Outside,,1-Year,Unfurnished,909-938-0709,"6,323"
TR26164269MR,Single Family,12214,12214   Cambrian CT ,ARTESIA,90701,2,1.00 (1 0 0 0),,$500.00,,"$3,000","$3,000","$3,000",862,$3.48,1954,3,"Gas Or Electric Dryer Hookup,Room,Washer,Washer Included",,1-Year,Unfurnished,626-318-8589,"4,272"
26865537,Apartment,947,947  S Bedford St ,Los Angeles,90035,2,1.00 (1 0 0 0),,,,"$3,000","$3,000","$3,000",845,$3.55,1951,6,Laundry Area,Call,"1+Year,1-Year",Unfurnished,818-532-8400,"6,384"
PW26162723MR,Combo - Res &amp; Com,5740,5740   California  ,LONG BEACH,90805,3,1.00 (1 0 0 0),,$0.00,,"$3,000","$3,000","$3,000",940,$3.19,1930,1,"Community,Other,Outside,Room",,1-Year,Unfurnished,562-233-5954,"3,681"
DW26164097MR,Condominium,645,645   Chestnut  ,LONG BEACH,90802,2,2.00 (2 0 0 0),,$0.00,,"$3,000","$3,000","$3,000",867,$3.46,1986,1,In Closet,,1-Year,,714-869-5554,"30,781"
SR26161535MR,Single Family,4564,4564   Jewel  ,LANCASTER,93536,3,2.00 (2 0 0 0),,$0.00,,"$3,000","$3,000","$3,000","2,700",$1.11,2011,4,"On Upper Level,Room",No,1-Year,Furnished,661-361-0528,"6,683"
CV26164573MR,Condominium,659,659  N Lark Ellen  ,COVINA,91722,2,2.00 (2 0 0 0),,$250.00,,"$3,000","$3,000","$3,000","1,385",$2.17,1986,2,"Garage,Washer,Washer Hookup,Washer Included",,1-Year,Unfurnished,909-510-1910,"80,611"
RS26162291MR,,13512,13512   La Forge  ,WHITTIER,90605,2,2.00 (2 0 0 0),,$0.00,,"$3,000","$3,000","$3,000",800,$3.75,2026,0,In Kitchen,No,1-Year,Unfurnished,,"6,200"
DW26158552MR,,3454,3454  W 48th ST ,WINDSOR HILLS,90043,1,1.00 (1 0 0 0),,$0.00,,"$3,000","$3,000","$3,000",400,$7.50,2025,0,"Gas Or Electric Dryer Hookup,Room",No,1-Year,Furnished,562-330-0766,"14,000"
WS26160226MR,Single Family,974,974  N Darfield  ,COVINA,91724,3,2.00 (2 0 0 0),,$0.00,150,"$3,000","$3,000","$3,000","1,416",$2.12,1977,2,Garage,No,1-Year,Unfurnished,626 688 3731,"7,399"
PW26163127MR,Apartment,1136,1136   Bennett  ,LONG BEACH,90804,2,1.00 (1 0 0 0),,$500.00,,"$3,000","$3,000","$3,000","1,050",$2.86,1927,1,"Community,Laundry Area",,"1-Year,Negotiable",Unfurnished,562-480-3070,"5,722"
PW26159002MR,Condominium,13602,13602   La Jolla CIR #B,LA MIRADA,90638,2,2.00 (2 0 0 0),,$500.00,250,"$3,000","$3,000","$3,000","1,081",$2.78,1973,2,"Dryer,Dryer Included,Washer,Washer Included",,1-Year,Unfurnished,714-872-7533,"371,108"
SR26151934MR,Condominium,1230,1230   Horn AVE #414,WEST HOLLYWOOD,90069,1,1.00 (1 0 0 0),,$0.00,,"$3,000","$3,000","$3,000",797,$3.76,1974,2,"Dryer,Dryer Included,In Closet,Inside,Washer,Washer Included",No,1-Year,Unfurnished,818-481-1602,"71,297"
P1-28215PF,,412,412  N Stoneman AVE ,ALHAMBRA,91801,2,1.00 (1 0 0 0),,$0.00,,"$3,000","$3,000","$3,000","1,120",$2.68,1920,1,"Dryer,Dryer Included,Room,Washer,Washer Included",,,Unfurnished,(818) 399-3822,"7,780"
26863605,,1236,1236  S Wilmington Ave ,Compton,90220,3,1.00 (1 0 0 0),,,,"$3,000","$3,000","$3,000",,$0,,2,Other,No,1-Year,Unfurnished,562-241-9181,0
SR26164965MR,Condominium,4201,4201   Las Virgenes RD #203,CALABASAS,91302,2,2.00 (2 0 0 0),,$0.00,,"$3,000","$3,000","$3,000",862,$3.48,1992,4,"Gas Dryer Hookup,Washer Hookup",,1-Year,Unfurnished,818-613-2465,"117,143"
PW26161287MR,Apartment,3629,3629   Marmion  ,LOS ANGELES,90065,2,2.00 (2 0 0 0),,$0.00,,"$3,095","$3,095","$3,095",750,$4.13,1923,0,"Gas Dryer Hookup,Washer Hookup",Yes,1-Year,Unfurnished,,"3,003"
SR26163609MR,Single Family,14924,14924   Kittridge St ,VAN NUYS,91405,2,2.00 (2 0 0 0),,$250.00,,"$3,100","$3,100","$3,100",810,$3.83,1950,2,"In Closet,Inside",,1-Year,Unfurnished,213-308-7488,"10,249"
26865311,,18146,18146   American Beauty Dr #1050,Santa Clarita,91387,3,2.00 (2 0 0 0),,,,"$3,100","$3,100","$3,100",934,$3.32,1985,2,In Unit,Yes,1+Year,Unfurnished,310-922-0736,"109,361"
SR26160422MR,Single Family,14334,14334 1/2  Tiara  ,VAN NUYS,91401,2,1.00 (1 0 0 0),,$500.00,,"$3,100","$3,100","$3,100","1,093",$2.84,1952,1,"Dryer,Dryer Included,In Closet,Inside,Washer,Washer Included",,1-Year,Unfurnished,818-516-1546,"6,688"
SR26163592MR,Single Family,14924,14924   Kittridge St ,VAN NUYS,91405,2,2.00 (2 0 0 0),,$250.00,,"$3,100","$3,100","$3,100",810,$3.83,1950,2,"In Closet,Inside",,1-Year,Unfurnished,213-308-7488,"10,249"
26865593,,10574,10574   Ayres Ave ,Los Angeles,90064,1,1.00 (1 0 0 0),,,,"$3,100","$3,100","$3,100",600,$5.17,1939,0,Laundry Area,No,1+Year,Unfurnished,310-990-6267,"6,254"
AR26163770MR,Single Family,1939,1939 1/2  Strozier AVE ,SOUTH EL MONTE,91733,3,2.00 (0 1 1 0),,$0.00,,"$3,100","$3,100","$3,100",720,$4.31,2025,2,Inside,,1-Year,Unfurnished,626-824-5184,"11,306"
SB26163482MR,Townhouse,11300,11300   Foothill BLVD #19,SYLMAR,91342,2,2.00 (2 0 0 0),,$0.00,,"$3,100","$6,200","$3,100","1,031",$3.01,1982,2,Garage,,1-Year,Unfurnished,310-357-0286,"208,176"
SB26162012MR,Townhouse,25205,25205   Cypress ST #7,LOMITA,90717,2,2.00 (1 0 1 0),,$0.00,,"$3,150","$3,150","$3,150","1,122",$2.81,1977,2,"Gas Dryer Hookup,Washer Hookup",No,1-Year,Unfurnished,424-732-2821,"43,180"
26863631,Apartment,9608,9608  W Olympic Blvd #C,Beverly Hills,90212,2,1.00 (1 0 0 0),,,,"$3,150","$3,000","$3,150",800,$3.94,1949,1,Community,Yes,"1+Year,1-Year",Unfurnished,310-804-0488,"5,503"
26864043,,1243,1243   25th St #C,Santa Monica,90404,1,1.00 (1 0 0 0),,,,"$3,150","$3,150","$3,150",550,$5.73,1923,1,"Room,Garage",Call,1+Year,Unfurnished,310-384-9776,"5,319"
26864569,,11115,11115   Mccormick St #401,North Hollywood,91601,2,1.00 (1 0 0 0),,,,"$3,150","$3,150","$3,150",950,$3.32,2021,0,None,Yes,"1+Year,1-Year",Unfurnished,310-592-8485,"53,708"
SB26163427MR,Apartment,415,415  S Prospect AVE #203,REDONDO BEACH,90277,2,2.00 (2 0 0 0),,$0.00,,"$3,195","$3,195","$3,195","1,047",$3.05,1972,1,Laundry Area,No,1-Year,Unfurnished,424-732-2821,"48,067"
26865305,,3667,3667   Mentone Ave #3,Los Angeles,90034,1,1.00 (1 0 0 0),,,,"$3,195","$2,975","$3,195",850,$3.76,2018,1,In Unit,Yes,1+Year,Unfurnished,323-828-2680,"7,510"
26863839,,1845,1845 1845 1/2 S South Beverly Glen BLVD ,LOS ANGELES,90025,2,1.00 (1 0 0 0),,,,"$3,195","$3,195","$3,195","1,050",$3.04,1946,2,In Unit,Call,1+Year,Unfurnished,310-804-6655,"6,250"
26864351,,530,530  S Barrington Ave #110,Los Angeles,90049,2,2.00 (2 0 0 0),,,,"$3,195","$3,195","$3,195","1,066",$3.00,1972,1,Community,Yes,1+Year,Unfurnished,310-430-0818,"22,974"
SB26164863MR,Apartment,415,415  S Prospect  #114,REDONDO BEACH,90277,2,2.00 (2 0 0 0),,$0.00,,"$3,195","$3,195","$3,195","1,073",$2.98,1972,1,Laundry Area,No,1-Year,Unfurnished,424-732-2821,"48,067"
26863923,,2553,2553 1/2  Glen Green St ,Los Angeles,90068,1,1.00 (1 0 0 0),,,,"$3,195","$3,195","$3,195",400,$7.99,1924,1,Garage,Call,"1+Year,6 Months,Negotiable",Unfurnished,310-867-5598,"4,436"
RS26161449MR,Condominium,335,335  N Adams  #106,GLENDALE,91206,2,2.00 (2 0 0 0),,$500.00,50,"$3,200","$3,200","$3,200","1,189",$2.69,1974,2,In Kitchen,,1-Year,Unfurnished,323-8557279,"40,706"
26864949,,309,309  S Mariposa Ave #301,Los Angeles,90020,2,3.00 (3 0 0 0),,,,"$3,200","$3,200","$3,200","1,390",$2.30,2005,0,In Unit,Call,1+Year,Unfurnished,213-254-7718,"8,409"
WS26164139MR,Single Family,835,835  W Spruce  ,WEST COVINA,91790,3,2.00 (2 0 0 0),,$700.00,10,"$3,200","$3,200","$3,200","1,313",$2.44,1956,2,"Garage,Washer Hookup",No,1-Year,Unfurnished,626-632-3688,"8,765"
26863519,Apartment,236,236   S. Ave 55  #C,Los Angeles,90042,3,2.00 (2 0 0 0),,,,"$3,200","$3,200","$3,200","1,150",$2.78,1987,1,Community,Yes,"12 Months,1+Year",Unfurnished,818-850-1084,"10,000"
SR26155896MR,,1983,1983  N Lake AVE ,ALTADENA,91001,2,1.00 (1 0 0 0),,$500.00,,"$3,200",$0,"$3,200",850,$3.76,1942,0,"Dryer,Dryer Included,Gas Dryer Hookup,Inside,Laundry Closet Stacked,Room,Stackable W/D Hookup,Washer,Washer Hookup,Washer Included",,"1+Year,1-Year",Unfurnished,310-702-0128,"4,408"
26855533,,1100,1100  S Hope St #1410,Los Angeles,90015,1,1.00 (1 0 0 0),250,,250,"$3,200","$3,200","$3,200","1,030",$3.11,2007,1,"In Closet,In Unit",Call,1+Year,Unfurnished,323-356-6268,"41,217"
26863587,,311,311   Montana Ave #302,Santa Monica,90403,1,1.00 (1 0 0 0),,,,"$3,200","$3,200","$3,200",750,$4.27,1973,1,"Community,Garage,Room",No,"1+Year,1-Year",Unfurnished,518-275-9865,"7,488"
26864395,,1328,1328   10th St #1/2,Santa Monica,90401,1,1.00 (1 0 0 0),,,,"$3,250","$6,500","$3,250",,$0,,1,"In Unit,In Closet",Call,1+Year,Unfurnished,310-993-4983,"7,498"
26865383,,8730,8730   Holloway Dr ,West Hollywood,90069,1,1.00 (1 0 0 0),,,,"$3,250","$3,250","$3,250",660,$4.92,1950,1,In Unit,Call,1+Year,Unfurnished,818-967-2300,"5,808"
OC26162489MR,Single Family,331,331  E 65th  ,LONG BEACH,90805,3,2.00 (2 0 0 0),,$500.00,50,"$3,250","$3,250","$3,250","1,070",$3.04,1948,0,Inside,,1-Year,Unfurnished,7143282814,"3,976"
AR26164007MR,Single Family,4948,4948   Sereno Drive #B,TEMPLE CITY,91780,3,2.00 (0 2 0 0),,$0.00,,"$3,275","$6,550","$3,275",999,$3.28,2026,0,"Electric Dryer Hookup,Hookup - Electric,Washer Hookup",No,1-Year,Unfurnished,626-372-0085,"9,540"
SB26151592MR,Condominium,610,610   The Village  #312,REDONDO BEACH,90277,1,1.00 (1 0 0 0),,$0.00,400,"$2,295","$3,295","$3,295",619,$5.32,1974,4,"Community,Laundry Area",No,1-Year,Unfurnished,310-717-7438,"272,965"
SR26163424MR,Single Family,7019,7019   Jamieson  ,RESEDA,91335,3,2.00 (2 0 0 0),,$0.00,,"$3,295","$3,295","$3,295","1,300",$2.53,1949,2,"Dryer,Dryer Included,Washer,Washer Included",,1-Year,Unfurnished,818-620-2244,"6,725"
TR26161810MR,Townhouse,1122,1122   Cleghorn  ,DIAMOND BAR,91765,3,3.00 (3 0 0 0),,$300.00,100,"$3,300","$3,300","$3,300","1,409",$2.34,1979,2,Room,Yes,1-Year,Unfurnished,626-786-2880,"461,588"
26864469,,1040,1040  S Mariposa Ave #F101,Los Angeles,90006,2,2.00 (2 0 0 0),,$500.00,,"$3,000","$3,300","$3,300","1,430",$2.31,2015,2,In Unit,Yes,1+Year,Unfurnished,213-399-8949,"17,728"
26863869,,15449,15449   Septo St ,Los Angeles,91345,2,2.00 (1 0 1 0),,,,"$3,300","$3,300","$3,300","1,108",$2.98,1953,1,Laundry Area,No,1+Year,Unfurnished,818-864-4796,"8,641"
SB26152810MR,Single Family,1327,1327   w 89th st ,LOS ANGELES,90044,3,2.00 (2 0 0 0),,$0.00,,"$3,450","$3,450","$3,350","1,100",$3.05,1948,0,"Gas Dryer Hookup,Outside",Yes,1-Year,Unfurnished,562-524-5888,"6,200"
AR26152213MR,Single Family,5215,5215   Florinda AVE ,TEMPLE CITY,91780,3,2.00 (2 0 0 0),,$0.00,,"$3,350","$4,000","$3,350","1,281",$2.62,1962,2,"Gas Dryer Hookup,Washer Hookup",,1-Year,Unfurnished,626-244-4390,"15,257"
TR26164420MR,Single Family,312,312   Silton  ,SAN DIMAS,91773,4,2.00 (2 0 0 0),,$500.00,,"$3,350","$3,350","$3,350","1,370",$2.45,1960,2,"Gas Dryer Hookup,Inside,Washer Hookup",Yes,1-Year,Unfurnished,626-589-3323,"5,675"
26864397,Single Family,1116,1116   Irving Ave ,Glendale,91201,2,2.00 (2 0 0 0),,,,"$3,350","$3,350","$3,350","1,008",$3.32,1923,4,Inside,Call,1+Year,Unfurnished,818-858-9272,"6,664"
P1-28223PF,Condominium,88,88  N Oakland AVE #312,PASADENA,91101,1,1.00 (0 1 0 0),,$500.00,,"$3,380","$3,380","$3,380",750,$4.51,2023,1,In Closet,,1-Year,Unfurnished,(626) 639-8300,"26,464"
RS26162979MR,Single Family,4909,4909  W 117th  ,HAWTHORNE,90250,2,1.00 (1 0 0 0),,$200.00,,"$3,390","$3,300","$3,390",868,$3.91,1948,1,"Dryer,Dryer Included,Washer,Washer Included",,1-Year,,310-654-3586,"5,583"
RS26164846MR,Single Family,15329,15329   Paramount BLVD ,PARAMOUNT,90723,3,1.00 (1 0 0 0),,$250.00,,"$3,400","$3,500","$3,400","1,138",$2.99,1940,2,"Inside,Room",,1-Year,Unfurnished,562-472-8929,"4,000"
PW26162690MR,Townhouse,3534,3534  W 67th ST ,LOS ANGELES,90043,3,3.00 (2 0 1 0),,$0.00,,"$3,400","$3,400","$3,400","10,960",$0.31,2019,2,Room,,1-Year,Unfurnished,213-399-1862,"11,855"
SR26159507MR,Townhouse,20120,20120   Runnymede Street #15,WINNETKA,91306,3,3.00 (2 0 1 0),,$500.00,,"$3,400","$3,400","$3,400","1,593",$2.13,1974,2,Garage,,1-Year,,818-212-9049,"129,178"
SR26162384MR,Townhouse,28492,28492   Herrera ST ,VALENCIA,91354,2,3.00 (3 0 0 0),,$0.00,,"$3,400","$3,400","$3,400","1,440",$2.36,2010,2,"Dryer,Dryer Included,Inside,On Upper Level,Room,Washer,Washer Included",,1-Year,Unfurnished,818-939-8895,"31,118"
SB26162353MR,Apartment,3607,3607   Crest Drive ,MANHATTAN BEACH,90266,1,1.00 (1 0 0 0),3400,"$3,400.00",1,"$3,400","$3,400","$3,400",600,$5.67,1931,1,Laundry Area,No,1-Year,Unfurnished,310-213-2450,"1,753"
AR26162225MR,Condominium,5249,5249   Village Circle DR ,TEMPLE CITY,91780,3,3.00 (2 0 1 0),,$0.00,,"$3,400","$3,400","$3,400","1,423",$2.39,1975,1,Garage,No,1-Year,Unfurnished,626-592-0897,"169,324"
CV26161344MR,Townhouse,501,501  W Foothill BLVD #306,CLAREMONT,91711,3,2.00 (2 0 0 0),,$0.00,,"$3,400","$3,400","$3,400","1,502",$2.26,2023,0,Inside,No,1-Year,Unfurnished,909-917-8129,"78,994"
RS26163157MR,Townhouse,17721,17721   Norwalk Blvd #49  ,ARTESIA,90701,3,3.00 (3 0 0 0),,$0.00,200,"$3,400","$3,800","$3,400","1,478",$2.30,1984,2,Garage,No,1-Year,Unfurnished,562-716-2839,"1,489"
PW26162684MR,Townhouse,1343,1343  E Adams  ,LOS ANGELES,90011,3,2.00 (2 0 0 0),,$0.00,,"$3,400","$34,000","$3,400","1,350",$2.52,2014,0,"Gas Dryer Hookup,Room",,1-Year,Unfurnished,213-399-1862,"6,212"
MB26163235MR,,212,212  S Vail  #1/2,MONTEBELLO,90640,3,2.00 (1 0 1 0),,$200.00,25,"$3,400","$3,400","$3,400","1,250",$2.72,1960,2,Garage,,"1-Year,Other",Unfurnished,323-365-0067,"6,145"
IV26163849MR,Townhouse,13449,13449   Murphy Hill DR ,WHITTIER,90601,2,3.00 (2 0 1 0),3425,"$3,425.00",100,"$3,425","$3,425","$3,425","1,253",$2.73,1988,3,In Closet,No,"Month-to-Month,Other",Unfurnished,619-726-2777,"58,225"
CV26163793MR,,502,502  E 6th  ,AZUSA,91702,3,2.00 (2 0 0 0),,$50.00,,"$3,440","$3,440","$3,440","1,020",$3.37,1950,2,Garage,,1-Year,Unfurnished,626-688-2045,"10,500"
26864343,Single Family,2319,2319 1/2  Teviot St ,Los Angeles,90039,1,1.00 (1 0 0 0),,,,"$3,450","$3,450","$3,450",450,$7.67,2026,1,In Unit,Call,1-Year,Both,310-890-6928,"7,996"
OC26160691MR,Condominium,5729,5729   Willow Crest AVE #5729,NORTH HOLLYWOOD,91601,3,2.00 (2 0 0 0),,$0.00,,"$3,450","$3,450","$3,450","1,150",$3,2018,2,"Dryer,Dryer Included,In Closet,Inside,Washer,Washer Included",,1-Year,Unfurnished,949-290-8115,"7,440"
SR26161064MR,Condominium,4353,4353   Colfax AVE #13,STUDIO CITY,91604,2,2.00 (2 0 0 0),,$0.00,,"$3,450","$6,900","$3,450","1,189",$2.90,1961,1,"Community,In Kitchen,Inside",,1-Year,Unfurnished,818-271-1233,"90,789"
26865361,Single Family,719,719  W Avenue Q10  ,Palmdale,93551,4,2.00 (2 0 0 0),,,,"$3,490","$3,490","$3,490","2,452",$1.42,2000,2,Inside,Call,1+Year,Both,818-858-9272,"7,001"
TR26164519MR,Apartment,1651,1651   golden gate ave #2,LOS ANGELES,90026,2,1.00 (1 0 0 0),3490,"$3,490.00",349,"$3,490","$3,490","$3,490","1,200",$2.91,1965,1,Inside,,1-Year,Unfurnished,909-576-2588,"7,966"
26864599,,245,245  N Swall Dr ,Beverly Hills,90211,2,2.00 (1 0 1 0),,,,"$3,495","$3,495","$3,495","1,300",$2.69,1953,1,"Community,Outside",Call,1-Year,Unfurnished,310-820-1343,"5,736"
26864033,,11645,11645   Montana Ave #311,Los Angeles,90049,1,1.00 (1 0 0 0),,,,"$3,495","$6,990","$3,495",679,$5.15,1973,0,Community,No,1+Year,Unfurnished,310-927-3160,"50,016"
226003571VC,Single Family,1645,1645   253rd ST ,HARBOR CITY,90710,2,1.00 (1 0 0 0),,,,"$3,495","$3,495","$3,495","1,585",$2.21,1948,0,Inside,,,Unfurnished,(310) 666-9241,"6,000"
26864173,,11443,11443   Hatteras St ,North Hollywood,91601,3,3.00 (3 0 0 0),,,,"$3,499","$3,826","$3,499","1,184",$2.96,2024,2,In Unit,Yes,1+Year,Unfurnished,310-650-4220,"6,955"
SR26159755MR,Single Family,5338,5338   Campo RD ,WOODLAND HILLS,91364,3,1.00 (1 0 0 0),,$500.00,100,"$3,500","$7,000","$3,500","1,200",$2.92,1954,0,"Inside,Room",,1-Year,Unfurnished,818-932-5300,"7,568"
PW26160999MR,Townhouse,1425,1425   W 224th  ,TORRANCE,90501,3,3.00 (2 0 1 0),,$500.00,100,"$72,326","$3,200","$3,500","1,650",$2.12,2008,2,"Garage,Gas Dryer Hookup,Gas Or Electric Dryer Hookup,Inside",No,1-Year,Unfurnished,714-322-9895,"18,006"
SB26162662MR,Condominium,818,818  S Averill  #2,SAN PEDRO,90732,3,2.00 (2 0 0 0),,$0.00,,"$3,300","$3,300","$3,500","1,610",$2.17,1991,2,"Gas Dryer Hookup,Room",,1-Year,Unfurnished,310-872-8686,"6,752"
OC26162163MR,,14138,14138   Archwood  ,VAN NUYS,91405,2,1.00 (1 0 0 0),,$100.00,25,"$3,500","$3,500","$3,500",720,$4.86,2026,0,Inside,,1-Year,Unfurnished,949-282-8428,"7,548"
26863585,Condominium,585,585  N Rossmore Ave #506,Los Angeles,90004,1,1.00 (1 0 0 0),,,,"$3,500","$3,500","$3,500",700,$5,1990,2,In Closet,Call,1+Year,Unfurnished,323-333-0301,"17,955"
OC26156770MR,,1108,1108   Palm LN ,REDONDO BEACH,90278,2,1.00 (1 0 0 0),,$0.00,,"$3,500","$3,500","$3,500","1,000",$3.50,1924,0,"Gas Dryer Hookup,Gas Or Electric Dryer Hookup,In Kitchen,Washer,Washer Included",,1-Year,,949-629-4400,"7,524"
SR26163355MR,Single Family,4851,4851   Woodman AVE ,SHERMAN OAKS,91423,2,2.00 (2 0 0 0),,$0.00,,"$3,500","$3,500","$3,500",798,$4.39,2026,0,"Dryer,Dryer Included,Inside,Washer,Washer Included",,1-Year,Unfurnished,818-585-3422,"7,810"
AR26162166MR,Single Family,401,401  N La Breda  ,WEST COVINA,91791,3,2.00 (1 1 0 0),,$0.00,,"$3,500","$7,000","$3,500","1,532",$2.28,1955,0,Inside,,1-Year,,626-566-5688,"9,153"
CV26163756MR,Single Family,470,470  W Center ST ,COVINA,91723,2,2.00 (1 1 0 0),,$0.00,,"$3,500","$3,500","$3,500","1,537",$2.28,1905,2,In Kitchen,No,1-Year,Unfurnished,626-926-9700,"8,399"
SR26161086MR,Single Family,25109,25109   1/2 Fourl RD ,NEWHALL,91321,3,2.00 (2 0 0 0),,$500.00,,"$3,500","$3,500","$3,500","1,050",$3.33,2026,0,Inside,Yes,Negotiable,Unfurnished,818-667-3374,"2,200"
AR26137807MR,Condominium,388,388   Ocean Blvd #604,LONG BEACH,90802,1,1.00 (1 0 0 0),,$0.00,100,"$3,000","$3,500","$3,500",680,$5.15,2004,2,"Gas Or Electric Dryer Hookup,In Closet",,Month-to-Month,,626-201-5090,"120,661"
WS26162508MR,Townhouse,11413,11413   Lower Azusa RD ,EL MONTE,91732,3,3.00 (2 0 1 0),,$0.00,,"$3,500","$3,500","$3,500","1,685",$2.08,1988,2,Room,No,1-Year,Unfurnished,626-203-8966,"3,651"
SR26161469MR,Single Family,23003,23003   Runnymede ST ,WEST HILLS,91307,3,2.00 (1 1 0 0),,$0.00,,"$3,500","$3,500","$3,500","1,153",$3.04,1956,4,"Inside,Room",,1-Year,Unfurnished,818-512-9246,"7,534"
PW26163928MR,Condominium,7740,7740   Redlands  #G3091,PLAYA DEL REY,90293,2,2.00 (2 0 0 0),,$0.00,,"$3,500","$3,500","$3,500","1,048",$3.34,1971,2,Community,,1-Year,Unfurnished,213-494-0391,"311,788"
SR26164518MR,Single Family,4851,4851 1/2  Woodman AVE ,SHERMAN OAKS,91423,2,2.00 (2 0 0 0),,$0.00,,"$3,500","$3,500","$3,500",798,$4.39,2026,0,"Dryer,Dryer Included,Inside,Washer,Washer Included",,1-Year,Unfurnished,818-585-3422,"7,810"
GD26159883IT,Townhouse,2747,2747   Hermosa AVE #6,MONTROSE,91020,2,2.00 (1 1 0 0),,$0.00,,"$3,500","$3,500","$3,500","1,142",$3.06,1988,2,"Dryer,Dryer Included,Garage,Washer,Washer Included",,1-Year,Unfurnished,818-429-9017,"10,953"
SR26164754MR,Apartment,8321,8321   Quartz AVE #1/2,WINNETKA,91306,3,2.00 (2 0 0 0),,$0.00,,"$3,500","$3,500","$3,500","1,055",$3.32,1949,2,"Dryer,Dryer Included,Washer,Washer Included",,"1+Year,1-Year",Unfurnished,310-498-4227,"9,453"
GD26161006IT,Townhouse,4328,4328   Whitsett AVE ,STUDIO CITY,91604,2,3.00 (2 0 1 0),,$0.00,,"$3,350","$3,550","$3,550","1,150",$3.09,1987,2,"In Kitchen,Inside",,1-Year,Unfurnished,818-437-2433,"6,043"
GD26164353IT,Single Family,606,606  W Dryden  #A,GLENDALE,91202,2,2.00 (2 0 0 0),,$0.00,,"$3,550","$3,550","$3,550","1,000",$3.55,2023,0,"Gas Dryer Hookup,Washer Hookup",,1-Year,Unfurnished,,"6,505"
26858113,,10627,10627   Moorpark ST #8,NORTH HOLLYWOOD,91602,2,3.00 (2 0 1 0),,,,"$3,575","$3,575","$3,575","1,100",$3.25,1996,2,Inside,Call,1+Year,Unfurnished,310-579-2200,"8,139"
26864697,Condominium,2803,2803   Arizona Ave #8,Santa Monica,90404,2,2.00 (1 1 0 0),,,,"$3,595","$3,595","$3,595","1,190",$3.02,1970,1,Community,Yes,1-Year,Unfurnished,310-422-0005,"16,036"
TR26160244MR,Single Family,929,929  E Barbara  ,WEST COVINA,91790,3,1.00 (1 0 0 0),,$0.00,,"$3,600","$3,600","$3,600","1,112",$3.24,1953,2,Garage,,1-Year,Unfurnished,562-640-8221,"9,384"
GD26164260IT,,13424,13424   Kamloops ST ,ARLETA,91331,3,3.00 (2 0 1 0),,$0.00,,"$3,800","$3,600","$3,600","1,200",$3,2026,2,"Dryer,Dryer Included,Washer,Washer Included",No,1-Year,Unfurnished,818-335-3995,"10,482"
AR26162388MR,,727,727 B E Myrtle AVE ,GLENDORA,91741,2,2.00 (2 0 0 0),,$0.00,,"$3,600","$3,600","$3,600","1,000",$3.60,2025,0,"Dryer,Dryer Included,Washer,Washer Included",,"1+Year,1-Year,Month-to-Month,Other",Unfurnished,626-295-7247,"1,500"
SR26159922MR,Single Family,16023,16023   Wyandotte Street ,LAKE BALBOA,91406,3,3.00 (3 0 0 0),400,$300.00,25,"$3,600","$3,600","$3,600","1,200",$3,2024,0,In Closet,,1-Year,Unfurnished,818-577-3077,"12,003"
26864255,,212,212  E 29th St #216,Los Angeles,90011,4,5.00 (5 0 0 0),,,,"$3,900","$3,900","$3,600","1,500",$2.40,2024,2,In Unit,Call,1+Year,Unfurnished,213-268-6104,"6,252"
TR26164902MR,Single Family,3528,3528   Castle Rock RD ,DIAMOND BAR,91765,3,2.00 (2 0 0 0),,$0.00,,"$3,600","$4,000","$3,600","1,521",$2.37,1963,2,Garage,,1-Year,Unfurnished,,"7,054"
GD26162328IT,Single Family,2135,2135  N Brighton St #101,BURBANK,91504,2,2.00 (2 0 0 0),,$0.00,60,"$3,600","$3,600","$3,600",926,$3.89,2026,0,Inside,,"1+Year,1-Year",Unfurnished,818-419-7564,"6,816"
26863617,,877,877   Francisco St #4202,Los Angeles,90017,1,1.00 (1 0 0 0),,,,"$3,600","$3,600","$3,600",823,$4.37,2017,1,In Unit,Call,"1+Year,1-Year",Unfurnished,310-430-1312,"128,959"
OC26161858MR,,1438,1438  N Summit  ,PASADENA,91103,2,1.00 (1 0 0 0),,"$3,600.00",,"$3,600","$3,600","$3,600",769,$4.68,1911,2,"Dryer,Dryer Included,Inside,Washer,Washer Included",,"1-Year,Negotiable",Unfurnished,310-951-8509,"10,233"
OC26162316MR,Townhouse,793,793   Banyan  ,POMONA,91767,3,4.00 (2 0 2 0),,$0.00,,"$3,600","$3,600","$3,600","1,818",$1.98,2018,2,"Dryer,Dryer Included,In Closet,Inside,Washer,Washer Included",,"1-Year,Negotiable",,949-610-9533,
BB26163985MR,,2306,2306  N Catalina  ,BURBANK,91504,3,2.00 (2 0 0 0),,$0.00,50,"$3,600","$3,600","$3,600",935,$3.85,2014,2,"Dryer,Dryer Included,Inside,Laundry Closet Stacked,Other,Stackable W/D Hookup,Washer,Washer Included",,Month-to-Month,Unfurnished,,"6,811"
SR26145146MR,Condominium,18324,18324   Clark ST #102,TARZANA,91356,2,2.00 (2 0 0 0),,$0.00,,"$3,600","$3,600","$3,600","1,495",$2.41,1981,2,"Dryer,Dryer Included,Washer,Washer Included",,1-Year,Unfurnished,818-481-1602,"83,222"
PW26155504MR,Condominium,10824,10824   Long Beach Blvd ,LYNWOOD,90262,3,3.00 (3 0 0 0),,$0.00,,"$3,600","$3,400","$3,600","1,050",$3.43,2022,2,"Electric Dryer Hookup,Hookup - Electric,Inside,Laundry Closet Stacked,Stackable W/D Hookup,Washer Hookup",No,1-Year,Unfurnished,562-373-5120,"8,572"
26863431,,1110,1110  W 80th St ,Los Angeles,90044,3,1.00 (1 0 0 0),,,50,"$3,600","$3,600","$3,600","1,242",$2.90,1929,5,Inside,No,1-Year,Unfurnished,626-399-1784,"4,077"
TR26148795MR,Townhouse,23051,23051   Paseo De Terrado  #4,DIAMOND BAR,91765,3,3.00 (3 0 0 0),,$0.00,,"$3,750","$3,750","$3,600","1,641",$2.19,1982,2,Garage,,1-Year,Unfurnished,6267054885,"166,256"
SR26164786MR,Apartment,8323,8323   Quartz AVE ,WINNETKA,91306,3,2.00 (2 0 0 0),,$0.00,,"$3,600","$3,500","$3,600","1,055",$3.41,1949,2,"Dryer,Dryer Included,Washer,Washer Included",,"1+Year,1-Year",Unfurnished,310-498-4227,"9,453"
26857805,,14061,14061   Milbank ST #4,SHERMAN OAKS,91423,2,3.00 (2 0 1 0),,,,"$3,650","$3,650","$3,650","1,170",$3.12,1999,2,Laundry Closet Stacked,Call,1+Year,Unfurnished,310-579-2200,"7,336"
26864535,,2106,2106   Pisani Pl #3,Los Angeles,90291,2,1.00 (1 0 0 0),,,,"$3,650","$3,650","$3,650",715,$5.10,,0,In Unit,Call,"1-Year,1+Year",Unfurnished,310-717-1592,"4,001"
SB26164093MR,Condominium,1801,1801   263rd  #110,LOMITA,90717,3,3.00 (1 1 1 0),,$0.00,,"$3,650","$3,650","$3,650","1,488",$2.45,1981,2,"Inside,On Upper Level",,1-Year,Unfurnished,310-988-8211,"129,974"
26865015,Condominium,933,933   11th St #18,Santa Monica,90403,1,1.00 (0 1 0 0),,,,"$3,650","$3,650","$3,650",663,$5.51,1969,1,"Community,Garage",No,1+Year,Unfurnished,310-729-9726,"15,001"
SR26153658MR,Apartment,6445,6445   Woodley AVE #204,LAKE BALBOA,91406,3,3.00 (2 1 0 0),,$0.00,,"$3,650","$3,650","$3,650","1,291",$2.83,2016,2,"Laundry Area,Room",,1-Year,Unfurnished,818-402-4266,"7,012"
26864135,,210,210  S Hamilton Dr #04,Beverly Hills,90211,2,2.00 (2 0 0 0),,,,"$3,662","$3,995","$3,662",950,$3.85,1957,1,In Unit,Yes,"1+Year,12 Months",Unfurnished,310-751-7592,"10,403"
AR26161537MR,Condominium,9040,9040   Garvey  #3,ROSEMEAD,91770,3,3.00 (3 0 0 0),,$0.00,,"$3,675","$3,675","$3,675","1,495",$2.46,2017,2,In Kitchen,No,1-Year,Unfurnished,626-641-7678,"13,826"
GD26162532IT,Single Family,6944,6944   Valmont  ,TUJUNGA,91042,3,2.00 (2 0 0 0),,$0.00,,"$3,699","$3,699","$3,699","1,400",$2.64,2022,0,Gas Or Electric Dryer Hookup,,1-Year,Unfurnished,310-919-8287,"20,523"
PW26162952MR,Apartment,1974,1974   Estrella AVE ,LOS ANGELES,90007,3,2.00 (2 0 0 0),,$400.00,,"$3,700","$2,200","$3,700","1,356",$2.73,2007,2,"Dryer,Dryer Included,Gas Dryer Hookup,Inside",,1-Year,Unfurnished,213-399-1862,"4,959"
SR26160149MR,Single Family,6232,6232  W Spice ST ,LANCASTER,93536,4,3.00 (3 0 0 0),,$0.00,,"$3,700","$3,700","$3,700","3,000",$1.23,2005,3,Room,,1-Year,Unfurnished,818-561-0892,"7,266"
CV26160817MR,Condominium,608,608   Asbury DR ,CLAREMONT,91711,3,3.00 (3 0 0 0),,$0.00,,"$3,750","$3,750","$3,750","1,430",$2.62,2006,2,"Dryer,Dryer Included,On Upper Level,Washer,Washer Included",No,1-Year,Unfurnished,626-675-6667,"36,483"
26863991,Condominium,1155,1155  S Grand Ave #1307,Los Angeles,90015,1,1.00 (1 0 0 0),,,,"$3,750","$3,750","$3,750",970,$3.87,2008,1,In Unit,No,"Month-to-Month,6 Months,Season,Negotiable,1+Year,1-Year,12 Months,24 Months",Furnished,2132382637,"52,763"
OC26162800MR,Condominium,8539,8539   Citigate DR ,WHITTIER,90602,3,3.00 (2 0 1 0),,"$1,000.00",,"$3,750","$3,750","$3,750","1,523",$2.46,1990,2,Garage,No,1-Year,Unfurnished,949-266-7895,"60,310"
P1-28169PF,Single Family,6256,6256   Satsuma AVE ,LOS ANGELES,91606,3,2.00 (2 0 0 0),,$0.00,,"$3,750","$3,750","$3,750","1,500",$2.50,1950,0,Inside,Yes,,Unfurnished,(323) 800-8511,"13,536"
26862907,,1100,1100   Wilshire Blvd #2604,Los Angeles,90017,1,1.00 (1 0 0 0),,,,"$3,800","$3,800","$3,750",860,$4.36,1986,2,"In Closet,In Unit",No,Month-to-Month,Furnished,213-458-0787,"27,106"
WS26157173MR,Single Family,808,808  S Gladys  ,SAN GABRIEL,91776,3,3.00 (2 0 1 0),,$0.00,,"$3,750","$3,750","$3,750","1,710",$2.19,2016,2,"On Upper Level,Room",No,1-Year,Unfurnished,626-625-5034,"43,560"
PW26161656MR,,233,233 A  E 25th St ,LONG BEACH,90806,3,2.00 (2 0 0 0),,$50.00,50,"$3,750","$10,000","$3,750",960,$3.91,2025,0,"Dryer,Dryer Included,In Closet,Washer,Washer Included",,1-Year,Unfurnished,,"6,587"
GD26163118IT,Townhouse,6300,6300   Honolulu AVE #101,LA CRESCENTA,91214,3,3.00 (2 0 1 0),,$0.00,,"$3,750","$3,750","$3,750","1,540",$2.44,2006,2,Garage,,1-Year,Unfurnished,,"33,045"
26864797,,111,111  N Harper Ave ,Los Angeles,90048,1,1.00 (1 0 0 0),,,,"$3,795","$3,500","$3,795","4,129",$0.92,1936,0,In Unit,Yes,"1+Year,1-Year",Unfurnished,310-804-0488,"6,560"
26864303,,10700,10700   Tabor St #220,Los Angeles,90034,1,1.00 (1 0 0 0),,$500.00,,"$3,795","$1,000","$3,795",711,$5.34,2024,0,In Unit,Yes,"6 Months,12 Months,1+Year",Unfurnished,310-962-5000,"27,000"
SR26160110MR,Condominium,23401,23401   Park Sorrento  #34,CALABASAS,91302,2,2.00 (2 0 0 0),,$500.00,,"$3,800","$7,000","$3,800","1,011",$3.76,1973,2,Community,,1-Year,Unfurnished,818-601-3269,"123,603"
PW26162676MR,Townhouse,5425,5425   Buchanan  ,LOS ANGELES,90042,3,3.00 (2 0 1 0),,$0.00,,"$3,800","$3,800","$3,800","8,784",$0.43,2009,0,Room,,1-Year,Unfurnished,213-399-1862,"9,181"
26864419,,10817,10817   WHIPPLE ST #18,TOLUCA LAKE,91602,2,3.00 (3 0 0 0),,,,"$3,800","$4,500","$3,800","1,172",$3.24,1981,0,In Unit,Yes,"1-Year,1+Year",Unfurnished,323-422-2422,"28,576"
26864567,Single Family,2118,2118   Marengo Ave ,Altadena,91001,3,2.00 (2 0 0 0),,,,"$3,800","$3,800","$3,800","1,100",$3.45,1917,2,In Unit,Call,12 Months,Unfurnished,818-858-9272,"8,042"
CV26164515MR,Single Family,21002,21002   Bandana  ,DIAMOND BAR,91765,3,2.00 (2 0 0 0),,$0.00,150,"$3,800","$3,800","$3,800","1,000",$3.80,2026,0,"Dryer,Dryer Included,Room,Washer,Washer Included",No,1-Year,Unfurnished,626-226-9447,"11,498"
SR26162311MR,Single Family,9245,9245   Woodman  #11,ARLETA,91331,3,3.00 (3 0 0 0),,$500.00,150,"$3,800","$3,800","$3,800","1,894",$2.01,1991,2,"Garage,Gas Dryer Hookup,Washer Hookup",,1-Year,Unfurnished,818-335-0283,"36,550"
26864367,,360,360  W Avenue 26  #107,Los Angeles,90031,4,2.00 (2 0 0 0),,,,"$3,800","$3,800","$3,800","1,500",$2.53,2006,2,In Unit,Call,12 Months,Unfurnished,747-888-7444,"53,961"
CV26163491MR,Single Family,125,125  S Wildwood  ,GLENDORA,91741,3,2.00 (2 0 0 0),,$0.00,,"$3,850","$3,850","$3,850","1,214",$3.17,1953,4,Gas Or Electric Dryer Hookup,,1-Year,Unfurnished,626-677-8177,"6,789"
TR26162732MR,Condominium,2226,2226   Calle Leon  ,WEST COVINA,91792,3,2.00 (2 0 0 0),,$0.00,100,"$3,850","$7,500","$3,850","1,502",$2.56,1979,2,Room,No,1-Year,Unfurnished,909-954-8886,"203,874"
P1-28208PF,Single Family,5612,5612   Glickman AVE ,TEMPLE CITY,91780,4,3.00 (1 2 0 0),,$0.00,,"$3,850","$3,850","$3,850","1,451",$2.65,1951,2,"Gas Dryer Hookup,Washer Hookup",,1-Year,Unfurnished,(626) 234-9369,"6,493"
26864547,,835,835  S Sherbourne Dr #9,Los Angeles,90035,2,2.00 (2 0 0 0),,,,"$3,850","$3,850","$3,850","1,300",$2.96,1957,0,"Inside,Laundry Area",Call,"1-Year,1+Year",Unfurnished,310-756-4814,"12,003"
TR26160785MR,Single Family,1843,1843   Lancewood  ,HACIENDA HEIGHTS,91745,4,3.00 (3 0 0 0),100,$0.00,200,"$3,880","$4,000","$3,880","1,866",$2.08,1956,2,Gas Or Electric Dryer Hookup,No,1-Year,Unfurnished,626-318-1107,"5,930"
26860853,,3618,3618   Chesapeake Ave ,Los Angeles,90016,2,1.00 (1 0 0 0),,,,"$3,888","$3,400","$3,888",650,$5.98,,1,In Unit,Call,1+Year,Unfurnished,310-824-3550,"6,102"
26864879,,1650,1650   Sawtelle Blvd #208,Los Angeles,90025,2,2.00 (2 0 0 0),,,,"$3,890","$3,890","$3,890",0,$0,2021,2,In Unit,Yes,1+Year,Unfurnished,310-988-8923,"12,611"
26863427,Townhouse,25715,25715   Wagner Way #B,Stevenson Ranch,91381,3,2.00 (2 0 0 0),,,,"$3,900","$5,000","$3,900","1,521",$2.56,1999,2,"Garage,In Unit",Yes,"1+Year,1-Year,Negotiable,Renewal Options",Unfurnished,310-279-6508,"8,442"
GD26164314IT,Condominium,2225,2225   Mira Vista AVE #104,MONTROSE,91020,2,2.00 (2 0 0 0),,$0.00,,"$3,900","$3,900","$3,900","1,400",$2.79,2019,0,"Dryer,Dryer Included,In Closet,Inside,Washer,Washer Included",,1-Year,Unfurnished,818-469-9388,"13,380"
SB26161231MR,Apartment,1550,1550 1/2 W 59th PL ,LOS ANGELES,90047,3,1.00 (1 0 0 0),,$500.00,,"$3,900","$3,900","$3,900",780,$5,1963,1,Laundry Area,,1-Year,Unfurnished,310-849-8919,"4,480"
SR26161162MR,Apartment,2105,2105   Speyer LN #B,REDONDO BEACH,90278,3,2.00 (2 0 0 0),,$0.00,100,"$3,900","$3,900","$3,900","1,680",$2.32,1971,2,Community,No,1-Year,Unfurnished,8186252951,"7,501"
PW26156285MR,Condominium,22,22   Noble  ,POMONA,91766,3,4.00 (3 0 1 0),,$0.00,200,"$3,900","$3,900","$3,900","2,137",$1.82,2019,2,"Dryer,Dryer Included,Washer,Washer Included",No,1-Year,Unfurnished,951-847-2284,"2,034"
AR26161539MR,Single Family,2041,2041   Starhaven  ,DUARTE,91010,3,1.00 (1 0 0 0),1,$150.00,75,"$3,900","$3,900","$3,900","1,206",$3.23,1951,1,"Garage,Room",,1-Year,Unfurnished,626-253-3538,"5,131"
26864125,,10867,10867   Fruitland Dr #401,Los Angeles,91604,2,2.00 (2 0 0 0),,,,"$3,900","$3,900","$3,900","1,300",$3,2023,1,"In Unit,In Closet",Yes,"12 Months,1-Year",Unfurnished,310-382-7731,"8,227"
WS26163870MR,Single Family,6628,6628  N Golden West  ,ARCADIA,91007,2,2.00 (2 0 0 0),,$0.00,,"$3,950","$3,950","$3,950","1,340",$2.95,1908,0,"Gas Dryer Hookup,In Closet,Washer Hookup",No,1-Year,Furnished,626-476-1941,"6,116"
SR26162741MR,Single Family,21617,21617   Turmeric CT ,SAUGUS,91350,4,2.00 (2 0 0 0),,$0.00,,"$3,950","$3,950","$3,950","1,400",$2.82,1980,2,Garage,,1-Year,Unfurnished,661-309-2424,"5,132"
26860583,,1413,1413   18th St #D,Santa Monica,90404,3,2.00 (2 0 0 0),,,,"$3,950","$3,950","$3,950",,$0,1960,0,"Community,Outside",Call,1+Year,Unfurnished,213-948-8615,"7,492"
OC26161701MR,Condominium,7212,7212   Marina Pacifica  ,LONG BEACH,90803,1,1.00 (1 0 0 0),,$0.00,,"$3,950","$7,900","$3,950",873,$4.52,1974,1,"Dryer,Dryer Included,In Closet,Inside,Washer,Washer Included",No,1-Year,Unfurnished,714-319-2042,"979,084"
WS26161759MR,Apartment,123,123  S Chapel  #309,ALHAMBRA,91801,2,2.00 (2 0 0 0),,$500.00,50,"$3,950","$3,950","$3,950","1,200",$3.29,2026,2,"Dryer,Dryer Included,In Closet,Washer,Washer Included",,1-Year,Furnished,626-456-0818,"36,773"
SR26161940MR,Single Family,14902,14902   Hubbard  ,SYLMAR,91342,3,3.00 (3 0 0 0),,$250.00,,"$3,950","$3,950","$3,950","1,250",$3.16,2026,0,"Dryer,Dryer Included,Inside,Washer,Washer Hookup,Washer Included",Yes,1-Year,Unfurnished,818-605-7510,"3,800"
OC26163252MR,Single Family,6944,6944   Lurline  ,WINNETKA,91306,4,2.00 (2 0 0 0),,$100.00,,"$3,975","$3,975","$3,975","1,342",$2.96,1954,2,Garage,,1-Year,Unfurnished,949-422-9830,"7,529"
SB26161160MR,Condominium,2411,2411   Prospect AVE #125,HERMOSA BEACH,90254,2,2.00 (2 0 0 0),,$500.00,,"$3,980","$3,980","$3,980",919,$4.33,1972,2,"Community,Laundry Area",,1-Year,Unfurnished,323-384-1506,"39,094"
P1-28166PF,Single Family,6829,6829   Murietta AVE ,VAN NUYS,91405,3,2.00 (2 0 0 0),,$500.00,,"$3,995","$3,995","$3,995","1,571",$2.54,1954,0,None,,1-Year,Unfurnished,,"5,799"
SR26162836MR,Single Family,14662,14662   W Sara Lane ,PANORAMA CITY,91344,4,3.00 (1 2 0 0),,$0.00,,"$3,995","$3,995","$3,995","1,739",$2.30,2023,2,In Closet,,1-Year,Unfurnished,818-648-4837,"1,317"
26865391,,1029,1029   Pleasantview Ave #1,Venice,90291,2,2.00 (2 0 0 0),,,,"$4,000","$4,000","$4,000",850,$4.71,1989,2,In Unit,Yes,Month-to-Month,Unfurnished,310-985-9889,"8,225"
PW26162970MR,Condominium,9834,"9834   Jersey,  #11",SANTA FE SPRINGS,90670,3,3.00 (2 0 1 0),,$0.00,200,"$4,000","$4,200","$4,000","1,650",$2.42,2017,2,"In Closet,Inside,On Upper Level",No,1-Year,Unfurnished,303-598-6067,"116,881"
SR26162600MR,Condominium,24644,24644   Golfview DR ,VALENCIA,91355,3,3.00 (2 0 1 0),,$500.00,,"$4,000","$3,600","$4,000","1,217",$3.29,1972,2,"Garage,Gas Dryer Hookup,Washer Hookup",,Negotiable,Unfurnished,661-212-5107,"1,354"
GD26160078IT,,10404,10404   Leolang  ,LOS ANGELES,91040,5,3.00 (3 0 0 0),,$0.00,,"$4,000","$4,000","$4,000","1,939",$2.06,1945,0,Room,,1-Year,Unfurnished,818-441-1871,"10,623"
26863033,Condominium,8401,8401   Tuscany Ave #4,Los Angeles,90293,3,2.00 (2 0 0 0),,,,"$4,000","$4,000","$4,000","1,500",$2.67,1959,2,"Community,In Carport",Call,1+Year,Unfurnished,800-804-9132,"8,499"
26864927,,834,834   Lincoln Blvd #2,Santa Monica,90403,1,1.00 (1 0 0 0),,,,"$4,000","$4,000","$4,000",750,$5.33,1951,1,In Unit,Yes,12 Months,Unfurnished,310-699-9224,"7,518"
SB26161512MR,Townhouse,1611,1611   208th st unit 3  ,TORRANCE,90501,3,3.00 (2 0 1 0),,$0.00,,"$4,000","$4,000","$4,000","1,860",$2.15,2007,2,Garage,,"1+Year,1-Year",,424-203-9977,"7,570"
PV26163546MR,Single Family,456,456  W Bennett  ,COMPTON,90220,3,2.00 (2 0 0 0),,$0.00,,"$4,000","$4,000","$4,000","1,564",$2.56,1950,2,Garage,,1-Year,Unfurnished,310-779-6892,"3,000"
CV26162356MR,Single Family,1668,1668   Glen AVE ,PASADENA,91103,3,1.00 (1 0 0 0),30,$200.00,25,"$4,000","$4,000","$4,000",800,$5,2023,0,In Closet,,1-Year,Unfurnished,626-215-9440,"6,505"
26864069,Single Family,4622,4622   Norwich Ave ,Los Angeles,91403,2,1.00 (1 0 0 0),,,,"$4,000","$7,000","$4,000",780,$5.13,1924,2,"Inside,Room",Call,1+Year,Unfurnished,818-426-8677,"5,401"
SR26151668MR,Single Family,16841,16841   lahey  ,GRANADA HILLS,91344,3,3.00 (3 0 0 0),,$0.00,,"$4,000","$4,500","$4,000","1,700",$2.35,1959,0,Room,,1-Year,Unfurnished,818-292-3469,"7,936"
26864101,Single Family,607,607  W 111th Pl ,Los Angeles,90044,2,1.00 (1 0 0 0),,$200.00,,"$4,000","$4,000","$4,000",936,$4.27,1926,5,"Inside,In Kitchen",Yes,1+Year,Unfurnished,408-420-7730,"5,002"
26864639,,3949,3949   Las Flores Canyon Rd #3949,Malibu,90265,1,1.00 (1 0 0 0),,,,"$4,000","$4,000","$4,000","3,486",$1.15,1925,7,"Community,Room",Call,1+Year,Unfurnished,310-505-5006,"6,559"
WS26160380MR,Townhouse,407,407  E Duarte RD #C,ARCADIA,91006,4,3.00 (2 0 1 0),,$0.00,100,"$4,050","$5,000","$4,050","1,968",$2.06,1992,2,Garage,No,1-Year,Unfurnished,626-226-9358,"25,898"
26864467,,415,415  S LE DOUX RD #402,LOS ANGELES,90048,2,2.00 (2 0 0 0),,,,"$4,090","$4,090","$4,090",,$0,2019,2,In Unit,Yes,1+Year,Unfurnished,310-988-8923,"10,297"
PW26161644MR,,1033,1033 1039  Gladys Ave ,LONG BEACH,90804,3,2.00 (2 0 0 0),,$50.00,50,"$4,095","$10,000","$4,095",990,$4.14,1923,0,"In Closet,Inside,Laundry Closet Stacked,Stackable W/D Hookup",,1-Year,Unfurnished,,"6,502"
PW26161637MR,,1033,1033 1037  Gladys Ave ,LONG BEACH,90804,3,2.00 (2 0 0 0),,$50.00,50,"$4,095","$10,000","$4,095",960,$4.27,1923,0,"Dryer,Dryer Included,In Closet,Inside,Laundry Closet Stacked,Stackable W/D Hookup,Washer,Washer Included",,1-Year,Unfurnished,,"6,502"
26858735,Single Family,30311,30311   Ashfield Ct ,Castaic,91384,4,3.00 (2 0 1 0),,,,"$4,100","$3,950","$4,100","1,994",$2.06,2000,4,"Room,On Upper Level",Call,1+Year,Unfurnished,310-499-3509,"95,821"
P1-28173PF,Condominium,840,840  E Green ST #121,PASADENA,91101,1,1.00 (1 0 0 0),,$200.00,50,"$4,100","$4,100","$4,100","1,283",$3.20,2006,2,"Dryer,Dryer Included,Washer,Washer Included",,1-Year,Unfurnished,(818) 239-2554,100
AR26164607MR,Townhouse,1681,1681   Acacia ST #B,ALHAMBRA,91801,3,3.00 (2 0 1 0),,$0.00,,"$4,100","$4,100","$4,100","1,670",$2.46,2014,2,"Dryer,Dryer Included,Inside,Washer,Washer Included",No,1-Year,Unfurnished,626-203-2877,"27,155"
IV26162739MR,Single Family,16601,16601   Valerio ST ,LOS ANGELES,91406,3,1.00 (1 0 0 0),,$250.00,,"$4,100","$6,150","$4,100","1,270",$3.23,1951,0,"Dryer,Dryer Included,Washer,Washer Included",,"1+Year,1-Year",Unfurnished,951-638-4477,"6,096"
P1-28210PF,Single Family,1425,1425   Brixton RD ,PASADENA,91105,2,1.00 (1 0 0 0),,$750.00,,"$4,125","$4,125","$4,125","1,280",$3.22,1952,2,"Garage,Gas Dryer Hookup,Washer Hookup",,,Unfurnished,(626) 826-4544,"12,150"
26863969,Townhouse,918,918  N San Vicente Blvd #E,West Hollywood,90069,1,2.00 (1 0 1 0),,,,"$4,250","$4,250","$4,150",800,$5.19,1948,1,In Unit,Call,1+Year,Both,310-922-6573,"6,542"
SR26162853MR,Single Family,11612,11612   Amsterdam Lane ,LAKEVIEW TERRACE,91342,3,3.00 (2 0 1 0),,$500.00,,"$4,175","$4,175","$4,175","2,116",$1.97,2020,2,"Dryer,Dryer Included,Inside,Washer,Washer Included",,"1-Year,Negotiable",,818-984-1354,"6,867"
26864719,Townhouse,21821,21821   Burbank Blvd #151,Woodland Hills,91367,3,3.00 (3 0 0 0),,,,"$4,175","$4,175","$4,175","2,000",$2.09,1979,2,"Garage,Inside",Call,1+Year,Unfurnished,323-646-9444,"493,512"
26864455,Apartment,1626,1626   Malcolm Ave #302,Los Angeles,90024,2,2.00 (2 0 0 0),,,,"$4,190","$4,190","$4,190","1,250",$3.35,1987,2,In Unit,Call,1+Year,Unfurnished,310-988-8923,"11,429"
WS26153100MR,Condominium,168,168  S Monterey St #407,ALHAMBRA,91801,2,3.00 (2 0 1 0),500,$100.00,200,"$4,200","$4,200","$4,200","1,200",$3.50,2025,2,"Dryer,Dryer Included,Gas Dryer Hookup,In Closet,Inside,Room,Washer,Washer Hookup,Washer Included",,1-Year,Unfurnished,909-619-8188,
AR26163377MR,Single Family,3132,3132   Estado ST ,PASADENA,91107,3,2.00 (2 0 0 0),,"$1,000.00",100,"$4,200","$4,200","$4,200","1,250",$3.36,1977,2,"Gas Dryer Hookup,Outside,Washer Hookup",,1-Year,Unfurnished,626-226-6535,"4,970"
SB26164009MR,Single Family,4587,4587  W 142nd ST ,HAWTHORNE,90250,3,2.00 (2 0 0 0),,$500.00,,"$4,200","$4,200","$4,200","1,200",$3.50,1948,1,"Garage,Gas Dryer Hookup,Washer Hookup",,1-Year,Unfurnished,3103451561,"5,822"
GD26161802IT,Single Family,1527,1527   N Screenland DR ,BURBANK,91505,3,2.00 (2 0 0 0),,$0.00,,"$4,200","$4,200","$4,200","1,780",$2.36,1938,0,"Gas Dryer Hookup,Washer,Washer Included",,1-Year,Unfurnished,818-281-8812,"6,736"
PW26161503MR,Single Family,5923,5923   Haas Ave ,LOS ANGELES,90047,3,2.00 (2 0 0 0),,$0.00,,"$4,200","$3,500","$4,200","1,004",$4.18,2025,0,"Gas Dryer Hookup,Washer Hookup",,1-Year,Furnished,,"4,246"
26863693,,9831,9831   Alburtis Ave #37,Santa Fe Springs,90670,4,4.00 (4 0 0 0),,,,"$4,200","$4,200","$4,200","1,950",$2.15,2017,0,In Unit,Call,1+Year,Unfurnished,213-399-3303,"116,881"
26864507,Condominium,849,849  S Broadway  #811,Los Angeles,90014,2,2.00 (2 0 0 0),,,,"$4,200","$4,200","$4,200","1,740",$2.41,1930,1,Community,No,12 Months,Unfurnished,310-869-2655,"22,851"
SR26164749MR,Condominium,333,333  N Hill AVE #305,PASADENA,91106,2,2.00 (2 0 0 0),,$500.00,,"$4,200","$6,150","$4,200","1,160",$3.62,2007,2,In Closet,,"1+Year,1-Year",Unfurnished,805-558-2218,"24,677"
SB26160985MR,Townhouse,1053,1053   Loma  ,HERMOSA BEACH,90254,2,1.00 (1 0 0 0),,$0.00,,"$4,250","$4,250","$4,250",896,$4.74,1923,0,None,,1-Year,Unfurnished,310-303-0803,"2,320"
TR26164467MR,Single Family,13708,13708   Purche AVE ,GARDENA,90249,3,2.00 (2 0 0 0),,$0.00,,"$4,250","$4,250","$4,250","1,687",$2.52,1956,2,"Inside,Room",No,1-Year,Unfurnished,909-516-9235,"5,300"
26864909,,1133,1133   Harrison Ave ,Los Angeles,90291,1,1.00 (1 0 0 0),,,,"$4,250","$4,250","$4,250",900,$4.72,1950,2,"In Unit,Inside,Laundry Closet Stacked",Call,"1+Year,Negotiable",Unfurnished,818-577-0476,"4,199"
SR26162972MR,Single Family,27223,27223   Cloverhurst  ,CANYON COUNTRY,91387,4,3.00 (2 0 1 0),,$500.00,,"$4,250","$4,250","$4,250","2,086",$2.04,2005,2,Room,,"1-Year,Negotiable",Unfurnished,818-917-1891,"24,191"
AR26161555MR,Single Family,10257,10257   Olive  ,TEMPLE CITY,91780,3,3.00 (2 1 0 0),,$500.00,150,"$4,300","$4,300","$4,300","1,795",$2.40,1950,2,Inside,,1-Year,Unfurnished,626-808-8114,"6,895"
CV26161735MR,Single Family,1664,1664   Glen AVE ,PASADENA,91103,3,2.00 (2 0 0 0),30,$200.00,25,"$4,300","$4,300","$4,300","1,000",$4.30,1923,0,"Inside,Room",,1-Year,Unfurnished,626-215-9440,"6,505"
PW26162472MR,Townhouse,1814,1814  S Hauser BLVD #1/2,LOS ANGELES,90019,3,3.00 (3 0 0 0),,$500.00,80,"$3,800","$2,495","$4,300","1,480",$2.91,2025,0,"Gas Dryer Hookup,Washer Hookup",,"1+Year,1-Year",Unfurnished,,"6,191"
26865275,,3500,3500  W Manchester Blvd #58,Inglewood,90305,3,3.00 (3 0 0 0),,,,"$4,300","$4,300","$4,300","1,721",$2.50,1964,2,In Unit,Call,1+Year,Unfurnished,310-628-6133,"1,755"
26863471,,2454,2454   Penmar  ,Venice,90291,2,2.00 (2 0 0 0),,,,"$4,350","$8,700","$4,350","1,006",$4.32,,1,"In Unit,In Kitchen",Yes,"1+Year,1-Year,12 Months,24 Months",Unfurnished,818-469-7021,"5,978"
SR26161037MR,Townhouse,4365,4365   Mclaughlin  #4,LOS ANGELES,90066,2,3.00 (2 0 1 0),,$0.00,,"$4,395","$4,395","$4,395","1,210",$3.63,1980,2,"Dryer,Dryer Included,Washer,Washer Included",,1-Year,Unfurnished,818-554-0541,"54,064"
SR26162465MR,Single Family,5706,5706   Burnet AVE ,VAN NUYS,91411,3,2.00 (2 0 0 0),,$250.00,,"$4,399","$4,399","$4,399","1,200",$3.67,2024,2,"Dryer,Dryer Included,In Kitchen,Washer,Washer Included",,1-Year,Unfurnished,323-573-6290,"3,000"
26863209,Apartment,14167,14167   Calvert St ,Los Angeles,91401,4,4.00 (4 0 0 0),,,,"$4,399","$4,399","$4,399","1,595",$2.76,2024,2,Inside,Yes,1+Year,Unfurnished,310-309-9299,"7,504"
GD26161247IT,Single Family,8963,8963   Mclennan  ,NORTHRIDGE,91343,3,2.00 (2 0 0 0),,$0.00,,"$4,400","$4,400","$4,400","1,500",$2.93,1963,2,Inside,,1-Year,Unfurnished,424-524-0404,"8,297"
WS26150659MR,Single Family,7717,7717   Paul  ,WHITTIER,90606,3,2.00 (2 0 0 0),,$0.00,,"$4,400","$4,400","$4,400","1,633",$2.69,1979,0,Garage,,1-Year,Unfurnished,626-470-7588,"7,318"
26864021,,945,945  N Oxford Ave #10,Los Angeles,90029,4,4.00 (4 0 0 0),,,,"$4,408","$4,600","$4,408","1,763",$2.50,,2,"In Unit,Laundry Area",Yes,"12 Months,1-Year",Unfurnished,310-701-7084,"17,372"
26834769,,284,284 1/2  GRANADA AVE #1,LONG BEACH,90803,3,2.00 (1 1 0 0),,,,"$4,450","$3,700","$4,450","1,442",$3.09,1938,2,In Kitchen,No,1-Year,Unfurnished,562-304-3199,"6,280"
SB26151817MR,Single Family,1806,1806   Leola ST ,LOMITA,90717,3,2.00 (0 2 0 0),,$500.00,50,"$4,450","$4,450","$4,450","1,285",$3.46,1960,2,Other,No,1-Year,Unfurnished,310-938-1218,"5,352"
SR26162697MR,Single Family,22346,22346   Hartland ST ,CANOGA PARK,91303,4,2.00 (2 0 0 0),,$0.00,,"$4,495","$4,495","$4,495","1,595",$2.82,1960,5,"Dryer,Dryer Included,Gas Dryer Hookup,In Kitchen,Washer,Washer Hookup,Washer Included",,1-Year,Unfurnished,818-404-7697,"11,121"
26864981,,11345,11345   CASHMERE ST ,LOS ANGELES,90049,2,1.00 (1 0 0 0),,,,"$4,495","$4,895","$4,495","1,200",$3.75,1947,1,In Unit,Yes,"1-Year,Other",Unfurnished,310-650-1116,"5,291"
26864085,Condominium,1155,1155  N La Cienega Blvd #1103,West Hollywood,90069,1,1.00 (1 0 0 0),,,,"$4,495","$4,495","$4,495",798,$5.63,1964,1,Laundry Area,Call,"1+Year,1-Year,12 Months,24 Months",Unfurnished,310-658-3042,"62,483"
26863911,,16746,16746   Tupper St ,Los Angeles,91343,2,2.00 (2 0 0 0),,$500.00,,"$4,495","$4,495","$4,495","1,911",$2.35,1956,4,Room,Call,1+Year,Unfurnished,323-376-2222,"7,499"
SR26164572MR,Single Family,5779,5779   Enfield  ,ENCINO,91316,3,2.00 (2 0 0 0),,$500.00,,"$4,500","$4,500","$4,500","1,365",$3.30,1949,1,Inside,,1-Year,Unfurnished,818-266-6562,"5,499"
26863737,,10535,10535   Wilshire Blvd #D4,Los Angeles,90024,2,2.00 (2 0 0 0),,,,"$4,500","$4,500","$4,500","1,088",$4.14,1978,2,In Unit,Call,"Negotiable,1+Year",Unfurnished,310-614-9019,"52,819"
AR26163107MR,Condominium,2519,2519   Kansas  #110,SANTA MONICA,90404,2,3.00 (2 0 1 0),,$0.00,,"$4,500","$4,500","$4,500","1,383",$3.25,1979,4,"Gas Or Electric Dryer Hookup,In Closet,Inside,On Upper Level",,1-Year,Unfurnished,213-300-9996,"12,600"
SR26164472MR,Single Family,7008,7008   Aura  ,RESEDA,91335,3,3.00 (3 0 0 0),,$0.00,,"$4,500","$4,500","$4,500","1,100",$4.09,1952,0,"Dryer,Dryer Included,Inside,Room,Washer,Washer Included",,"1+Year,1-Year",Unfurnished,818-602-9022,"6,270"
P1-28231PF,Single Family,21,21  S Michillinda AVE ,PASADENA,,4,3.00 (3 0 0 0),50000,"$2,000.00",100,"$4,500","$4,000","$4,500","1,964",$2.29,1999,2,"Dryer,Dryer Included,Washer,Washer Included",,1-Year,Unfurnished,,"7,673"
SR26164779MR,Single Family,4381,4381   Allott AVE ,SHERMAN OAKS,91423,2,3.00 (1 1 1 0),,$0.00,,"$4,500","$9,000","$4,500","1,200",$3.75,2025,1,"Dryer,Dryer Included,Washer,Washer Included",No,1-Year,Unfurnished,818-621-4552,"12,901"
CV26161806MR,Single Family,103,103  S Worthy Drive ,GLENDORA,91741,3,2.00 (2 0 0 0),,$0.00,,"$4,500","$6,750","$4,500","1,398",$3.22,1953,0,Garage,No,1-Year,,626-253-3495,"8,887"
26862335,Condominium,23901,23901   Civic Center Way #165,Malibu,90265,2,2.00 (2 0 0 0),,,,"$4,500","$4,500","$4,500",895,$5.03,1972,2,Community,No,"1+Year,1-Year",Unfurnished,310-980-1195,"166,891"
SR26164689MR,Townhouse,5200,5200   White Oak AVE #36,ENCINO,91316,2,3.00 (3 0 0 0),,$500.00,,"$4,500",$0,"$4,500","1,633",$2.76,1989,2,"Inside,Washer,Washer Included",Yes,1-Year,Unfurnished,818-943-8304,"214,328"
26863439,Condominium,10433,10433   Wilshire Blvd #808,Los Angeles,90024,1,2.00 (1 0 1 0),,,,"$4,500","$4,500","$4,500","1,105",$4.07,1963,1,Community,Yes,"1+Year,1-Year,6 Months",Both,213-254-5638,0
PV26163650MR,Single Family,1935,1935   Homeworth Dr ,RANCHO PALOS VERDES,90275,3,2.00 (2 0 0 0),,$500.00,,"$4,500","$6,000","$4,500","1,498",$3.00,1950,2,In Closet,,1-Year,Unfurnished,310-809-1039,"5,760"
P1-28167PF,Single Family,1421,1421   Monte Vista ST ,PASADENA,91106,2,1.00 (1 0 0 0),,$0.00,,"$4,500","$4,500","$4,500","1,128",$3.99,1923,1,In Kitchen,No,1-Year,Unfurnished,(626) 893-1682,"4,817"
P1-28165PF,Townhouse,50,50  W Mountain ST #15,PASADENA,,2,2.00 (2 0 0 0),,$500.00,,"$4,500","$4,500","$4,500","1,277",$3.52,1996,2,"Dryer,Dryer Included,In Closet,Inside,Washer,Washer Included",,1-Year,Furnished,(626) 757-3378,"41,369"
SR26161411MR,Townhouse,5200,5200   White Oak AVE #52,ENCINO,91316,2,3.00 (3 0 0 0),,$0.00,,"$4,500","$4,500","$4,500","1,633",$2.76,1989,2,Inside,,1-Year,Unfurnished,818-970-3000,"214,394"
"                Feeling Generous and appreciative?  Donations accepted via:                                                                                                                                                                                                                                        
                        Venmo: @Tanner-Beyer3                                                                                                                                                                                                                
                        Cashapp: $TannerBeyer                                                                                                                                                                                                                                
                        Zelle : 323-875-9044                                                                                                                                                                                                                                
                                                                                                                                                                                                                                                        
“Sq Footage Abbreviations”                                                                                                                                                                                                                                                        
A -- Appraiser or Assessor                                                                                                                                                                                                                                                        
B -- Builder                                                                                                                                                                                                                                                        
E -- Estimated                                                                                                                                                                                                                                                        
O -- Owner (or OTH which is ""other"" just means some undefined document that claims the sq footage)                                                                                                                                                                                                                                                        
P - Public Record                                                                                                                                                                                                                                                        
S -- Seller                                                                                                                                                                                                                                                        
OLP - Original list price   - LP List Price to determine if there is any price gouging.                                                                                                                                                                                                                                                     
""Sub Type""                                                                                                                                                                                                                                                        
A -- Attached                                                                                                                                                                                                                                                        
D -- Detached                                                                                                                                                                                                                                                        
                                                                                                                                                                                                                                                        
“Beds/Baths”                                                                                                                                                                                                                                                        
2 (beds) / 1 (total baths),1 (full baths) ,0 (half bath), 0 (three quarter bath)                                                                                                                                                                                                                                                        
                                                                                                                                                                                                                                                        
                                                                                                                                                                                                                                                        
                                Information provided is shown as entered by listing agents or brokers in the MLS and therefore is deemed accurate at the time report is generated.                                                                                                                                                                                                                          ",,,,,,,,,,,,,,,,,,,,,,,