file_id,version_id,file_path,size,created_at
6a7e77c35c7cd75eb8d7306b,6a87eaf471a74d667aa4ff25,/listings/lease/219151303DA,385934,2026-08-21T06:06:44.217Z
6a185e5f5c7cd75eb8e24c2e,6a2056d22b7cad47df4eedf6,/226002465VC,57941,2026-06-03T16:31:14.543Z
6a7e7f0d5c7cd75eb808038d,6a87f48671a74d667aa5131a,/listings/lease/226003822VC,86851,2026-08-21T06:47:34.215Z
6aa0fdceead997d09a7ce40a,6aa186ed8934f8e776221ee6,/listings/buy/226004247VC,60240,2026-09-09T16:18:53.821Z
6aa0fafcead997d09a69b803,6aa18e325a67220426d2599c,/listings/buy/226004256VC,47304,2026-09-09T16:49:54.757Z
67e3a37b432c476416de47c1,67ecab7b0ce3fc03ec14c80c,/25509989,238197,2025-04-02T03:14:03.693Z
6939336a5c7cd75eb8109ac4,6941970e288c96e6a13a0858,/25625707,85016,2025-12-16T17:29:50.402Z
693b20b35c7cd75eb8fa05c6,69419a42fb49f02e9da8105b,/25625859,127852,2025-12-16T17:43:30.773Z
693937685c7cd75eb82a0ff6,69419b25fb49f02e9da82281,/25626113,147437,2025-12-16T17:47:17.623Z
693b23e55c7cd75eb811b248,69419d707444afdcd40bd4ec,/25626417,181692,2025-12-16T17:57:04.527Z
6967c5515c7cd75eb8872dec,6967dabe82f32deb10cb5d28,/26635251,212466,2026-01-14T18:04:46.966Z
697ac2595c7cd75eb8af3beb,6983948027668d117a26fa84,/26641621,190147,2026-02-04T18:48:32.107Z
697ac2595c7cd75eb8af3beb,6984edfc27668d117a3fcb61,/26641621,190147,2026-02-05T19:22:36.318Z
697ac2595c7cd75eb8af3beb,6986249adb4a2205f9ecc30c,/26641621,190147,2026-02-06T17:27:54.132Z
697ad0435c7cd75eb8171597,6983a2459f3bb0a71cfdc3ed,/26641739,166554,2026-02-04T19:47:17.772Z
697ad0435c7cd75eb8171597,6984fc8ee2802c9846fc4d68,/26641739,166554,2026-02-05T20:24:46.861Z
697ad0435c7cd75eb8171597,698634c9db4a2205f9ee55cc,/26641739,166554,2026-02-06T18:36:57.044Z
697ac6d85c7cd75eb8cd3fb2,69839839e2802c9846e1b1f9,/26641917,89450,2026-02-04T19:04:25.561Z
697abe3c5c7cd75eb886f166,69838ffa6377b1b62a3bc66a,/26641991,144931,2026-02-04T18:29:14.184Z
697ac2275c7cd75eb8adfd5c,698393d6ca2d4b60e277945a,/26642079,58463,2026-02-04T18:45:42.818Z
697accaf5c7cd75eb8f3e9ad,69839da7d8fd9d4bb833d7bf,/26642083,111346,2026-02-04T19:27:35.316Z
697ad24a5c7cd75eb824d9f3,6983a476e2802c9846e380be,/26642533,110676,2026-02-04T19:56:38.647Z
697ad24a5c7cd75eb824d9f3,6984fece27668d117a425acd,/26642533,110676,2026-02-05T20:34:22.279Z
697ad24a5c7cd75eb824d9f3,698638ccb13c1d2959759f4f,/26642533,110676,2026-02-06T18:54:04.704Z
697ac5785c7cd75eb8c3dce8,6983979dd8fd9d4bb8331152,/26643367,126368,2026-02-04T19:01:49.026Z
697ac5785c7cd75eb8c3dce8,6984f11d27668d117a403f2b,/26643367,126368,2026-02-05T19:35:57.661Z
697ac5785c7cd75eb8c3dce8,698627c8db4a2205f9ed1fd6,/26643367,126368,2026-02-06T17:41:28.922Z
697ab78b5c7cd75eb8560f07,697abb36f73feb95b63b1e38,/26643443,102352,2026-01-29T01:43:18.718Z
697ab78b5c7cd75eb8560f07,697ace64f73feb95b63b376e,/26643443,102352,2026-01-29T03:05:08.885Z
697ab78b5c7cd75eb8560f07,69838d466deca49b5ad40ddc,/26643443,102352,2026-02-04T18:17:42.167Z
697ab78b5c7cd75eb8560f07,6983a048e2802c9846e2eb41,/26643443,102352,2026-02-04T19:38:48.070Z
697ab78b5c7cd75eb8560f07,6984e413e2802c9846f8df75,/26643443,102352,2026-02-05T18:40:19.356Z
697ab78b5c7cd75eb8560f07,6984e6aee2802c9846f93add,/26643443,102352,2026-02-05T18:51:26.333Z
697ab78b5c7cd75eb8560f07,6984fa7cd8cface92a608b8a,/26643443,102352,2026-02-05T20:15:56.906Z
697ab78b5c7cd75eb8560f07,69861d669d12f29a69759442,/26643443,102352,2026-02-06T16:57:10.239Z
697ab78b5c7cd75eb8560f07,6986311ab13c1d295974ea26,/26643443,102352,2026-02-06T18:21:14.201Z
697abf925c7cd75eb89168b5,698391aa27668d117a2668e7,/26644001,174635,2026-02-04T18:36:26.471Z
697abf925c7cd75eb89168b5,6984eb1de2802c9846f9beb6,/26644001,174635,2026-02-05T19:10:21.641Z
697abf925c7cd75eb89168b5,698621c5833353984dc6592f,/26644001,174635,2026-02-06T17:15:49.590Z
697ac00c5c7cd75eb8953a36,6983922627668d117a267ae3,/26644133,127192,2026-02-04T18:38:30.466Z
697ac00c5c7cd75eb8953a36,6984eb9a9f3bb0a71c1460d0,/26644133,127192,2026-02-05T19:12:26.916Z
697ac00c5c7cd75eb8953a36,69862243833353984dc65fa2,/26644133,127192,2026-02-06T17:17:55.362Z
697acb2b5c7cd75eb8ea1f36,69839d61d8fd9d4bb833ba10,/26644167,190715,2026-02-04T19:26:25.736Z
697acb2b5c7cd75eb8ea1f36,6984f6e6e2802c9846fb722e,/26644167,190715,2026-02-05T20:00:38.982Z
697acb2b5c7cd75eb8ea1f36,69862d9059727e0eb499a5aa,/26644167,190715,2026-02-06T18:06:08.424Z
697ac9fc5c7cd75eb8e24635,69839b28e2802c9846e1f188,/26644395,75881,2026-02-04T19:16:56.576Z
697acdc45c7cd75eb8fc74f3,69839eae9f3bb0a71cfd4371,/26644559,220966,2026-02-04T19:31:58.652Z
697acd1f5c7cd75eb8f6fbf1,69839e16d8fd9d4bb833fb5e,/26644567,220966,2026-02-04T19:29:26.355Z
6984e6415c7cd75eb86b7d10,6984ed639f3bb0a71c14a5a0,/26645813,204831,2026-02-05T19:20:03.320Z
69bc1ca95c7cd75eb866ccc1,69cbf35836dc335ccc6d6579,/26657151,150065,2026-03-31T16:16:24.410Z
69b9ea805c7cd75eb801aa61,69ba06bdbc954af3a7d0dc92,/26660667,161355,2026-03-18T01:58:21.470Z
69bc14f05c7cd75eb833da85,69cbeba036dc335ccc6bd98d,/26664609,89541,2026-03-31T15:43:28.584Z
69bc15af5c7cd75eb8392224,69cbec5b36dc335ccc6c084f,/26664613,57835,2026-03-31T15:46:35.900Z
69bc150a5c7cd75eb8347a0a,69cbebb9474e84c4118523bd,/26664639,76857,2026-03-31T15:43:53.916Z
69bc17d45c7cd75eb84658c7,69cbeea0974da8272cd6ce8b,/26664717,269634,2026-03-31T15:56:16.861Z
69bc15f05c7cd75eb83ab900,69cbec9c95ccb95f68263020,/26664751,72525,2026-03-31T15:47:40.219Z
69bc14195c7cd75eb82df289,69cbead4974da8272cd5fa73,/26665293,118566,2026-03-31T15:40:04.065Z
69bc11df5c7cd75eb81b4bf0,69cbe8c195ccb95f68255d34,/26665359,75924,2026-03-31T15:31:13.909Z
69bc17235c7cd75eb84229af,69cbedb295ccb95f682669d6,/26665439,108761,2026-03-31T15:52:18.125Z
69bc1ce05c7cd75eb8685c59,69cbf38afe9bf69aa652d98d,/26665999,139733,2026-03-31T16:17:14.111Z
69cbf5085c7cd75eb8e5e2b8,69cbf87b474e84c411876afd,/26668171,204299,2026-03-31T16:38:19.898Z
6a185af15c7cd75eb8c13fca,6a20489f8267919dfa1167ec,/26670779,178824,2026-06-03T15:30:39.422Z
6a185af15c7cd75eb8c13fca,6a2052c6e8131377195491af,/26670779,178824,2026-06-03T16:13:58.458Z
69d6b2d85c7cd75eb816a0fc,69d6bbd8e3e8f73b746b6fd4,/26672941,148121,2026-04-08T20:34:32.167Z
6a0490cc5c7cd75eb8bea1f1,6a0495009b6c2a90f891671f,/26829729,81160,2026-05-13T15:13:04.847Z
69fd05765c7cd75eb8c7e271,69fd05bddbb10e7d52809243,/26830113,74806,2026-05-07T21:35:57.019Z
69fd05145c7cd75eb8c6323f,69fd077226c58329b1a18d83,/26830117,245375,2026-05-07T21:43:14.428Z
6a0490da5c7cd75eb8befdb8,6a049c366632173ce111b3bd,/26831025,157378,2026-05-13T15:43:50.741Z
6a0490d95c7cd75eb8bef617,6a04a0dc0c3e7d9dd93eefb8,/26831255,133323,2026-05-13T16:03:40.294Z
6a337eb15c7cd75eb8f1efb5,6a3394f77606257ffbebdcc0,/26831543,211971,2026-06-18T06:49:27.743Z
6a185d525c7cd75eb8d973bc,6a2054a7e8131377195496ca,/26836355,164279,2026-06-03T16:21:59.805Z
6a1852f75c7cd75eb87fb2ad,6a185a988f9b0ef6b2075e4b,/26838695,264673,2026-05-28T15:09:12.019Z
6a1858465c7cd75eb8a6281a,6a204e9ee7dbf325c646767e,/26839307,60663,2026-06-03T15:56:14.793Z
6a1853495c7cd75eb881ee00,6a2048b08267919dfa116941,/26839339,222169,2026-06-03T15:30:56.538Z
6a1853495c7cd75eb881ee00,6a20491411af0752ac1de5c5,/26839339,222169,2026-06-03T15:32:36.516Z
6a185f5e5c7cd75eb8e8af87,6a2057fc07bb9d44e0e8f582,/26839389,268597,2026-06-03T16:36:12.643Z
6a185baa5c7cd75eb8cb866a,6a205278d0797ed3ec47d47d,/26839585,157099,2026-06-03T16:12:40.536Z
6a4b4edd5c7cd75eb80cf17b,6a4b52d420d292ea041bccd2,/26839623,82794,2026-07-06T07:01:40.904Z
6a18556e5c7cd75eb891213f,6a204b1a11af0752ac1e209a,/26839691,110491,2026-06-03T15:41:14.558Z
6a29869a5c7cd75eb8f89122,6a29975d6ae4bb16aae2acbd,/26841569,109383,2026-06-10T16:57:01.334Z
6a4b4f015c7cd75eb80d870c,6a4b56ad00653f3b6cacd73a,/26851655,97744,2026-07-06T07:18:05.096Z
6a4b4f085c7cd75eb80da6bf,6a4b575dcbcd937a00cdb674,/26852703,102079,2026-07-06T07:21:01.679Z
6a4b4ebf5c7cd75eb80c6361,6a4b5f2ee9f123f98e938d26,/26852885,71836,2026-07-06T07:54:22.766Z
6a4c94d25c7cd75eb8fd377e,6a4ca1059fc034281bf3057c,/26854177,116330,2026-07-07T06:47:33.590Z
6a4c94ae5c7cd75eb8fc9562,6a4c9d86b81950e34735c881,/26854561,52404,2026-07-07T06:32:38.023Z
6a4c949f5c7cd75eb8fc5d34,6a4c9a3133491cd26f94f5c2,/26854821,174794,2026-07-07T06:18:25.230Z
6a5909925c7cd75eb813bc9f,6a590ad0a5370b0a65d4c11e,/26858815,117960,2026-07-16T16:46:08.239Z
6a59097b5c7cd75eb812ec85,6a590ec775e92a721ffb5a0b,/26858861,142161,2026-07-16T17:03:03.600Z
6a5909bf5c7cd75eb8159702,6a590a3175e92a721ffb3b35,/26858907,72592,2026-07-16T16:43:29.297Z
6a5909a95c7cd75eb814b049,6a5911d8bb311a7ca483f31c,/26859213,337716,2026-07-16T17:16:08.063Z
6a5909b75c7cd75eb81548fb,6a5918f975e92a721ffbf194,/26859227,203125,2026-07-16T17:46:33.667Z
6a59098a5c7cd75eb8137319,6a590eb675e92a721ffb59a0,/26859321,115142,2026-07-16T17:02:46.687Z
6a6bca9f5c7cd75eb8ec305e,6a6bd0a139279118ebb7408e,/listings/lease/26864535,62139,2026-07-30T22:30:57.441Z
6a6bca9f5c7cd75eb8ec305e,6a6cbd85b37a3f30574b83d3,/listings/lease/26864535,77937,2026-07-31T15:21:41.369Z
6a73cd655c7cd75eb80d2a28,6a87f3850ba3cf911d4c1733,/listings/lease/26867115,132540,2026-08-21T06:43:17.664Z
6a7e78bf5c7cd75eb8df2a6a,6a87f1ba71a74d667aa50a04,/listings/lease/26869527,110867,2026-08-21T06:35:38.267Z
6a7e7c3a5c7cd75eb8fc231b,6a87f2c971a74d667aa50d9c,/listings/lease/26871869,151431,2026-08-21T06:40:09.371Z
6a7e773c5c7cd75eb8d3c24b,6a87e9d30ba3cf911d4c04b9,/listings/lease/26871955,189519,2026-08-21T06:01:55.030Z
6a7e77785c7cd75eb8d552e8,6a87ea3c0ba3cf911d4c05ab,/listings/lease/26872287,137378,2026-08-21T06:03:40.278Z
6a7e7fd55c7cd75eb80bc7a0,6a87fc340ba3cf911d4c2394,/listings/lease/26872355,115439,2026-08-21T07:20:20.637Z
6a907c4f5c7cd75eb85abfb4,6a9089b7b73aa67dfa39fd82,/listings/lease/26876341,166871,2026-08-27T19:02:15.886Z
6aa0fd70ead997d09a7a2f75,6aa186de8934f8e776221e84,/listings/buy/26876433,116909,2026-09-09T16:18:38.992Z
6a99b3c0ead997d09a4982c6,6aac00383f9bec511574fc85,/listings/lease/26935017,55274,2026-09-17T14:59:04.695Z
6aa0fdabead997d09a7bc274,6aa2cc43dca547b93101d25d,/listings/lease/26963449,134160,2026-09-10T15:26:59.485Z
6aa0f9e8ead997d09a5d55f4,6aa2ccb7dca547b93101d795,/listings/lease/26965171,239588,2026-09-10T15:28:55.386Z
6aa0fb80ead997d09a6cbb39,6aa2cb38dca547b93101c5aa,/listings/lease/26965861,42301,2026-09-10T15:22:32.454Z
6aa0f9c2ead997d09a5c2079,6aa190d36f1ca502b07522ab,/listings/buy/26967701,123570,2026-09-09T17:01:07.158Z
6aa0f9c7ead997d09a5c3c3d,6aa2ccd7dca547b93101d992,/listings/lease/26984177,156931,2026-09-10T15:29:27.552Z
6aa0fd91ead997d09a7b24ee,6aa2cc3ddca547b93101d211,/listings/lease/26984813,83290,2026-09-10T15:26:53.916Z
6aa0fbdfead997d09a6f1295,6aa2cb83dca547b93101c9a7,/listings/lease/26985091,64647,2026-09-10T15:23:47.588Z
693b151d5c7cd75eb89da17d,69418ed2bbb3eabeba058a1a,/AR25271946MR,117870,2025-12-16T16:54:42.492Z
6a1852e15c7cd75eb87f2b6a,6a1859b4812a1087701a312a,/AR26042631MR,85629,2026-05-28T15:05:24.151Z
69f22ca35c7cd75eb88384e5,69f23d3067855bb0a6fcbab0,/AR26073037MR,86951,2026-04-29T17:17:36.309Z
6a0490ee5c7cd75eb8bf82e9,6a04a1399b6c2a90f893298b,/AR26102030MR,85720,2026-05-13T16:05:13.108Z
6a1855845c7cd75eb8919f24,6a204c26d0797ed3ec472ed9,/AR26112081MR,75707,2026-06-03T15:45:42.624Z
6a1852fe5c7cd75eb87fd40c,6a18601b3a5cd9a5cea4331e,/AR26112761MR,96702,2026-05-28T15:32:43.777Z
6a18581d5c7cd75eb8a4dbcf,6a204f8a61b9b0b0a3e01351,/AR26115451MR,103876,2026-06-03T16:00:10.676Z
6a337e725c7cd75eb8f02c3f,6a33902e2c0e1e16e9b5fbcb,/AR26129678MR,73070,2026-06-18T06:29:02.847Z
6a5909d55c7cd75eb816674d,6a590f7ca1a6649b959b42d0,/AR26152470MR,81684,2026-07-16T17:06:04.977Z
6a7e755c5c7cd75eb8c7c3d4,6a87e0f571a74d667aa4e49e,/listings/lease/AR26160478MR,42158,2026-08-21T05:24:05.816Z
6a7e75de5c7cd75eb8cab4ad,6a87e229b2fa552e6fb416ab,/listings/lease/AR26173174MR,96258,2026-08-21T05:29:13.725Z
6a7e7f265c7cd75eb8086d27,6a87f4b80ba3cf911d4c1b46,/listings/lease/AR26173796MR,111539,2026-08-21T06:48:24.848Z
6a7e781c5c7cd75eb8d92bf1,6a87ef130ba3cf911d4c0d0b,/listings/lease/AR26175033MR,93448,2026-08-21T06:24:19.132Z
6a7e74c45c7cd75eb8c4deca,6a87df7571a74d667aa4df82,/listings/lease/AR26176068MR,75125,2026-08-21T05:17:41.194Z
6a7e777c5c7cd75eb8d56c8f,6a87ea8b71a74d667aa4fe48,/listings/lease/AR26176525MR,129895,2026-08-21T06:04:59.326Z
6aa0fb31ead997d09a6afe6f,6aa18b865a67220426d252c0,/listings/buy/AR26184798MR,81161,2026-09-09T16:38:30.194Z
6aa0fe6cead997d09a80ed6f,6aa2ccaadeb7d52b0643c367,/listings/lease/AR26192253MR,89480,2026-09-10T15:28:42.596Z
6aa0fa2bead997d09a5f698d,6aa2d682deb7d52b0644365f,/listings/lease/AR26193799MR,115422,2026-09-10T16:10:42.176Z
697acc965c7cd75eb8f355bc,69839ec5e2802c9846e2afee,/BB26018175MR,92328,2026-02-04T19:32:21.963Z
697acc965c7cd75eb8f355bc,6984f850ff40f3e3601b56ed,/BB26018175MR,92328,2026-02-05T20:06:40.002Z
697acc965c7cd75eb8f355bc,69862ef39d12f29a69773daa,/BB26018175MR,92328,2026-02-06T18:12:03.418Z
69bc16785c7cd75eb83e2a4e,69cbed8395ccb95f68266473,/BB26058288MR,72217,2026-03-31T15:51:31.134Z
6a1861905c7cd75eb8f930ae,6a205ae407bb9d44e0e94ec8,/BB26114166MR,79076,2026-06-03T16:48:36.758Z
6a7e78495c7cd75eb8da2f8c,6a87f00e71a74d667aa506ba,/listings/lease/BB26173669MR,38726,2026-08-21T06:28:30.322Z
6a7e80c55c7cd75eb810592b,6a87fe83b2fa552e6fb44fe4,/listings/lease/BB26176347MR,92813,2026-08-21T07:30:11.727Z
6a7e779b5c7cd75eb8d63a47,6a87eab30ba3cf911d4c06fd,/listings/lease/BB26176493MR,135315,2026-08-21T06:05:39.326Z
693b1fb05c7cd75eb8f343ce,6941994afb49f02e9da7f57e,/CV25271348MR,76682,2025-12-16T17:39:22.846Z
6a1852a25c7cd75eb87d8188,6a1859e445714b1b2723d957,/CV26096492MR,94394,2026-05-28T15:06:12.544Z
6a0491115c7cd75eb8c03621,6a0499dcde8a51c16ba2b05a,/CV26097952MR,109190,2026-05-13T15:33:48.718Z
6a337eb85c7cd75eb8f22a4b,6a338967c9518777412b0868,/CV26114873MR,92906,2026-06-18T06:00:07.860Z
6a1857cb5c7cd75eb8a29237,6a204f2e61b9b0b0a3e0118d,/CV26115222MR,90018,2026-06-03T15:58:38.921Z
6a2048c55c7cd75eb8294d9f,6a20597e5d89a7b603f63a5a,/CV26119001MR,73857,2026-06-03T16:42:38.294Z
6a4b4ef25c7cd75eb80d4d6f,6a4b537651679e8a35c05be4,/CV26140276MR,103209,2026-07-06T07:04:22.147Z
6a6bcf895c7cd75eb8380b0f,6a73cc0ba59a7e87fb40a1f6,/listings/buy/CV26162934MR,91699,2026-08-05T23:49:31.916Z
6a7e76475c7cd75eb8cd2b88,6a87e83c0ba3cf911d4bff1b,/listings/lease/CV26173288MR,122037,2026-08-21T05:55:08.967Z
6a7e77a55c7cd75eb8d668be,6a87eac7b2fa552e6fb42cf1,/listings/lease/CV26173630MR,39918,2026-08-21T06:05:59.931Z
6a7e7ec75c7cd75eb806d230,6a87f435b2fa552e6fb43f88,/listings/lease/CV26174025MR,102236,2026-08-21T06:46:13.249Z
6a7e7edb5c7cd75eb8074388,6a87f4760ba3cf911d4c1a76,/listings/lease/CV26174699MR,102950,2026-08-21T06:47:18.167Z
6a7e7a4f5c7cd75eb8f2d147,6a87f2550ba3cf911d4c138b,/listings/lease/CV26174899MR,92831,2026-08-21T06:38:13.345Z
6a7e7f775c7cd75eb809ec59,6a87f5220ba3cf911d4c1c8f,/listings/lease/CV26175342MR,105880,2026-08-21T06:50:10.042Z
6a7e7f685c7cd75eb809a926,6a87f4c20ba3cf911d4c1b6e,/listings/lease/CV26175543MR,88469,2026-08-21T06:48:34.773Z
6a7e77055c7cd75eb8d25317,6a87e922b2fa552e6fb42840,/listings/lease/CV26175754MR,147949,2026-08-21T05:58:58.231Z
6a7e80575c7cd75eb80e5bcc,6a87fd8e71a74d667aa51df7,/listings/lease/CV26176149MR,58097,2026-08-21T07:26:06.328Z
6a7e80715c7cd75eb80ecb39,6a87fdac0ba3cf911d4c2690,/listings/lease/CV26176662MR,101873,2026-08-21T07:26:36.485Z
6a7e7e695c7cd75eb8057c08,6a87f38b0ba3cf911d4c174c,/listings/lease/CV26176700MR,51610,2026-08-21T06:43:23.188Z
6a7e80ac5c7cd75eb80fed22,6a87fe7071a74d667aa521a1,/listings/lease/CV26176806MR,103719,2026-08-21T07:29:52.133Z
6aa0fa5fead997d09a618f24,6aa1872e5a67220426d24656,/listings/buy/CV26185161MR,87002,2026-09-09T16:19:58.879Z
6aa0fd43ead997d09a78e9ca,6aa2cbfe6f1ca502b07c2296,/listings/lease/CV26194543MR,69530,2026-09-10T15:25:50.200Z
697169715c7cd75eb86b8e0f,69716b601aa47b70dc279538,/DW26011844MR,64525,2026-01-22T00:12:16.307Z
697169715c7cd75eb86b8e0f,697180061aa47b70dc27b394,/DW26011844MR,64525,2026-01-22T01:40:22.608Z
697abda85c7cd75eb882a43a,69838fc42d98edc91f862b67,/DW26017913MR,132425,2026-02-04T18:28:20.060Z
697abda85c7cd75eb882a43a,6984e92d9f3bb0a71c14193c,/DW26017913MR,132425,2026-02-05T19:02:05.702Z
697abda85c7cd75eb882a43a,69861fda70eafdc1a19cd0ca,/DW26017913MR,132425,2026-02-06T17:07:38.527Z
697ac09c5c7cd75eb89935d4,698392bd9f3bb0a71cfb9d2b,/DW26018710MR,93928,2026-02-04T18:41:01.006Z
697ac09c5c7cd75eb89935d4,6984ec3781115971bbcb55c8,/DW26018710MR,93928,2026-02-05T19:15:03.932Z
697ac09c5c7cd75eb89935d4,698622da833353984dc66264,/DW26018710MR,93928,2026-02-06T17:20:26.750Z
69bc16455c7cd75eb83cf278,69cbed4f474e84c411857f4e,/DW26043661MR,145855,2026-03-31T15:50:39.777Z
69bc1c7a5c7cd75eb865a0ad,69cbf32695ccb95f6827714c,/DW26048804MR,120811,2026-03-31T16:15:34.467Z
69bc192a5c7cd75eb84fce90,69cbefdc974da8272cd708f3,/DW26057553MR,129491,2026-03-31T16:01:32.447Z
69bc14f95c7cd75eb8340d59,69cbec01474e84c411853284,/DW26057643MR,78252,2026-03-31T15:45:05.435Z
6a1852d35c7cd75eb87ed154,6a18548245714b1b27230821,/DW26114425MR,102889,2026-05-28T14:43:14.236Z
6a1861275c7cd75eb8f6097a,6a205a8407bb9d44e0e94050,/DW26114852MR,108665,2026-06-03T16:47:00.884Z
6a1857055c7cd75eb89cbf36,6a204dfae7dbf325c6466092,/DW26115047MR,119164,2026-06-03T15:53:30.686Z
6a1854515c7cd75eb8896513,6a204a85d8d4da9f95b7daa8,/DW26115444MR,97714,2026-06-03T15:38:45.229Z
6a7e77645c7cd75eb8d4bb18,6a87ea0f0ba3cf911d4c0553,/listings/lease/DW26174011MR,46675,2026-08-21T06:02:55.075Z
6a7e77ea5c7cd75eb8d80e3d,6a87eb1cb2fa552e6fb42df2,/listings/lease/DW26174099MR,86372,2026-08-21T06:07:24.384Z
6a7e75e35c7cd75eb8cad26a,6a87e391b2fa552e6fb41a2a,/listings/lease/DW26176584MR,39987,2026-08-21T05:35:13.906Z
6a7e7ed65c7cd75eb8071cae,6a87f42b0ba3cf911d4c1952,/listings/lease/DW26176997MR,68350,2026-08-21T06:46:03.590Z
6a99ac5aead997d09a144e67,6aa1879d8934f8e7762220a3,/listings/buy/DW26191680MR,140706,2026-09-09T16:21:49.109Z
6aa0fa0cead997d09a5e501f,6aa2d229deb7d52b0643fa2a,/listings/lease/DW26192364MR,79785,2026-09-10T15:52:09.773Z
697acb055c7cd75eb8e90088,69839d3be2802c9846e2402c,/GD26015601IT,118113,2026-02-04T19:25:47.586Z
697acb055c7cd75eb8e90088,6984f6bd21476a837af0e57c,/GD26015601IT,118113,2026-02-05T19:59:57.628Z
697acb055c7cd75eb8e90088,69862d693659957de516b6fc,/GD26015601IT,118113,2026-02-06T18:05:29.215Z
6a185e3d5c7cd75eb8e123a2,6a2056afd8d4da9f95b8fb42,/GD26111833IT,116225,2026-06-03T16:30:39.121Z
6a4c949f5c7cd75eb8fc5c3a,6a4c9864b81950e34734561a,/GD26145101IT,117398,2026-07-07T06:10:44.589Z
6a7e76fb5c7cd75eb8d21ab3,6a87e91d71a74d667aa4fa1f,/listings/lease/GD26169775IT,50305,2026-08-21T05:58:53.287Z
6a73c49e5c7cd75eb880d0b6,6a87e1ca71a74d667aa4e767,/listings/lease/GD26170259IT,58172,2026-08-21T05:27:38.211Z
6a73c3ad5c7cd75eb8711b02,6a87e0030ba3cf911d4be86f,/listings/lease/GD26170533IT,74182,2026-08-21T05:20:03.702Z
6a7e80ca5c7cd75eb81072ec,6a87d79771a74d667aa4d2af,/listings/lease/GD26171035IT,67418,2026-08-21T04:44:07.575Z
6a7e775c5c7cd75eb8d491ac,6a87ea31b2fa552e6fb42b13,/listings/lease/GD26172046IT,129204,2026-08-21T06:03:29.615Z
6a7e77975c7cd75eb8d618fc,6a87ea9a0ba3cf911d4c06a5,/listings/lease/GD26173961IT,139917,2026-08-21T06:05:14.276Z
6a7e7d4a5c7cd75eb800dd94,6a87f2fa0ba3cf911d4c155b,/listings/lease/GD26174148IT,79489,2026-08-21T06:40:58.026Z
6a7e77925c7cd75eb8d5fb71,6a87ea9771a74d667aa4fe61,/listings/lease/GD26174351IT,47558,2026-08-21T06:05:11.135Z
6a7e765b5c7cd75eb8cdbbd5,6a87e80a0ba3cf911d4bfe53,/listings/lease/GD26174469IT,117158,2026-08-21T05:54:18.758Z
6a7e7f865c7cd75eb80a25f0,6a87f76471a74d667aa5160a,/listings/lease/GD26174700IT,129163,2026-08-21T06:59:48.269Z
6a7e7ebd5c7cd75eb806b672,6a87f43ab2fa552e6fb43fb3,/listings/lease/GD26174895IT,54370,2026-08-21T06:46:18.434Z
6a7e77b85c7cd75eb8d6e0fc,6a87eaf0b2fa552e6fb42d80,/listings/lease/GD26174952IT,40549,2026-08-21T06:06:40.057Z
6a7e7f625c7cd75eb80998d4,6a87fd7f0ba3cf911d4c25cb,/listings/lease/GD26175211IT,70568,2026-08-21T07:25:51.431Z
6a7e74185c7cd75eb8c21b69,6a87dfab0ba3cf911d4be72e,/listings/lease/GD26175561IT,66307,2026-08-21T05:18:35.529Z
6a7e77ef5c7cd75eb8d82c9c,6a87eb4471a74d667aa4ffe7,/listings/lease/GD26175618IT,50716,2026-08-21T06:08:05.000Z
6a7e754d5c7cd75eb8c77a68,6a87e121b2fa552e6fb4137a,/listings/lease/GD26175800IT,76009,2026-08-21T05:24:49.706Z
6a7e7efe5c7cd75eb807c823,6a87f45c71a74d667aa5127f,/listings/lease/GD26176348IT,46185,2026-08-21T06:46:52.917Z
6a7e791b5c7cd75eb8e63fd6,6a87eb3f0ba3cf911d4c0893,/listings/lease/GD26176433IT,93837,2026-08-21T06:07:59.283Z
6aa0fc90ead997d09a73f3b5,6aa2cbaadeb7d52b0643b697,/listings/lease/GD26193317IT,91560,2026-09-10T15:24:26.546Z
6aa0fa46ead997d09a6060b5,6aa190176f1ca502b07520f9,/listings/buy/GD26194029IT,92602,2026-09-09T16:57:59.834Z
6aa0fbc5ead997d09a6e8853,6aa2cb6f6f1ca502b07c1b47,/listings/lease/GD26194355IT,137103,2026-09-10T15:23:27.496Z
6aa2d3dbead997d09aca6043,6aac02aa6af46213ac6c27a8,/listings/lease/GD26196522IT,107422,2026-09-17T15:09:30.103Z
69bc1cd25c7cd75eb867fe9f,69cbf38236dc335ccc6d6b6b,/IG26054195MR,92171,2026-03-31T16:17:06.041Z
6a59099a5c7cd75eb8140d87,6a5915043e2540931fba3918,/IG26122219MR,131750,2026-07-16T17:29:40.622Z
6a7e76d45c7cd75eb8d0b72e,6a87e8fab2fa552e6fb427cf,/listings/lease/IG26174893MR,140125,2026-08-21T05:58:18.210Z
6a7e7fe95c7cd75eb80c303f,6a87fc740ba3cf911d4c23ad,/listings/lease/IG26176849MR,79460,2026-08-21T07:21:24.225Z
6a7e7bde5c7cd75eb8fa756b,6a87f2c371a74d667aa50d65,/listings/lease/IN26165358MR,85930,2026-08-21T06:40:03.416Z
6a87ea455c7cd75eb8c74276,6a908c9db73aa67dfa3a0473,/listings/buy/IN26179466MR,32387,2026-08-27T19:14:37.990Z
67bdfc84432c476416c3f824,67bfb86984edfbd7712bdbc8,/IV25028941MR,110815,2025-02-27T00:57:13.771Z
693b27de5c7cd75eb833cb08,6941a04f82e7bd3a924daeac,/IV25268267MR,87249,2025-12-16T18:09:19.273Z
693b28c65c7cd75eb8397636,6941a0d36a268683f200bf7b,/IV25271855MR,126857,2025-12-16T18:11:31.860Z
69bc17f65c7cd75eb8473ca1,69cbeec336dc335ccc6c8ba9,/IV26055431MR,92508,2026-03-31T15:56:51.485Z
69bc18cf5c7cd75eb84d3b74,69cbef8bfe9bf69aa6521e9a,/IV26056865MR,66686,2026-03-31T16:00:11.774Z
69cbf5135c7cd75eb8e625ec,69cbfdb3d835c0effa5606e8,/IV26065727MR,76506,2026-03-31T17:00:35.617Z
6a5909cd5c7cd75eb8161f18,6a59195575e92a721ffbf324,/IV26147122MR,88111,2026-07-16T17:48:05.749Z
680a62d7432c476416452cd5,682ca9ea8816a1d74b6c2c22,/MB25086869MR,109077,2025-05-20T16:12:26.054Z
69bc180b5c7cd75eb847eab4,69cbeed8474e84c41185cc67,/MB26057931MR,110279,2026-03-31T15:57:12.227Z
6a18562e5c7cd75eb8966341,6a204ceee81313771953edce,/MB26114611MR,95823,2026-06-03T15:49:02.956Z
6a4c94ef5c7cd75eb8fdb987,6a4c9a0d227c61cf4115207e,/MB26144659MR,88064,2026-07-07T06:17:49.870Z
697ac02e5c7cd75eb89615d1,6986226a833353984dc660ae,/OC26019243MR,109570,2026-02-06T17:18:34.943Z
697ac02e5c7cd75eb89615d1,6984ebc127668d117a3f6d35,/OC26019243MR,109570,2026-02-05T19:13:05.994Z
697ac02e5c7cd75eb89615d1,6983924dd563d816474b334f,/OC26019243MR,109570,2026-02-04T18:39:09.041Z
69bc11e45c7cd75eb81b8ed9,69cbe8e336dc335ccc6b4fc6,/OC26057562MR,120636,2026-03-31T15:31:47.380Z
6a18578d5c7cd75eb8a0aa64,6a204ea5d8d4da9f95b83a88,/OC26106440MR,91946,2026-06-03T15:56:21.110Z
6a185c2f5c7cd75eb8d0037f,6a2053f6e7dbf325c646d531,/OC26114200MR,59780,2026-06-03T16:19:02.933Z
6a1861125c7cd75eb8f563b2,6a205a5bd0797ed3ec48aa33,/OC26115021MR,85729,2026-06-03T16:46:19.588Z
6a4b4ec65c7cd75eb80c7d49,6a4b58f800653f3b6cacde09,/OC26141338MR,55609,2026-07-06T07:27:52.660Z
6a4c94e05c7cd75eb8fd72d8,6a4c9545227c61cf411405b2,/OC26145004MR,59590,2026-07-07T05:57:25.616Z
6a73c4175c7cd75eb87856b3,6a87e0c771a74d667aa4e428,/listings/lease/OC26170282MR,70176,2026-08-21T05:23:19.842Z
6a908d245c7cd75eb8c846b6,6a99bcbcae86cccd143b0832,/listings/buy/OC26172231MR,103113,2026-09-03T18:30:20.999Z
6a7e79f35c7cd75eb8f10c16,6a87f2130ba3cf911d4c12a8,/listings/lease/OC26173569MR,116838,2026-08-21T06:37:07.556Z
6a7e801b5c7cd75eb80d1b68,6a87fd0cb2fa552e6fb44af0,/listings/lease/OC26173830MR,51516,2026-08-21T07:23:56.389Z
6a7e7eb35c7cd75eb806925d,6a87f44871a74d667aa51258,/listings/lease/OC26174170MR,59884,2026-08-21T06:46:32.746Z
6a7e7fb75c7cd75eb80b08ee,6a87f8e80ba3cf911d4c204a,/listings/lease/OC26174239MR,148172,2026-08-21T07:06:16.355Z
6a7e764c5c7cd75eb8cd406d,6a87e8460ba3cf911d4bff43,/listings/lease/OC26176334MR,90182,2026-08-21T05:55:18.901Z
6a7e711e5c7cd75eb8b6594c,6a87da930ba3cf911d4bdb1c,/listings/lease/OC26176677MR,114531,2026-08-21T04:56:51.667Z
6aa0fac0ead997d09a673979,6aa187e36f1ca502b0750bcf,/listings/buy/OC26190758MR,90930,2026-09-09T16:22:59.343Z
6a185bbf5c7cd75eb8cc3996,6a20539cd0797ed3ec47e8b0,/P1-27335PF,63199,2026-06-03T16:17:32.087Z
6a7e6ff25c7cd75eb8b1fcc8,6a87f2d7b2fa552e6fb43ade,/listings/lease/P1-28342PF,32506,2026-08-21T06:40:23.134Z
6a7e7b005c7cd75eb8f5fbd5,6a87eb8a71a74d667aa500c4,/listings/lease/P1-28385PF,65837,2026-08-21T06:09:14.460Z
6a7e7ed25c7cd75eb8070c05,6a87f4210ba3cf911d4c1914,/listings/lease/P1-28403PF,72675,2026-08-21T06:45:53.019Z
6a7e808f5c7cd75eb80f6299,6a87f9e771a74d667aa5182b,/listings/lease/P1-28413PF,73110,2026-08-21T07:10:31.294Z
6a7e70695c7cd75eb8b3adab,6a87ea81b2fa552e6fb42bfd,/listings/lease/P1-28419PF,25414,2026-08-21T06:04:49.204Z
6a7e77d75c7cd75eb8d79b85,6a87eb120ba3cf911d4c07f0,/listings/lease/P1-28422PF,92811,2026-08-21T06:07:14.388Z
6a7e7fdf5c7cd75eb80bf78d,6a87fb8971a74d667aa51984,/listings/lease/P1-28427PF,73458,2026-08-21T07:17:29.878Z
6a7e806c5c7cd75eb80ebb22,6a87fda771a74d667aa51e6f,/listings/lease/P1-28438PF,77403,2026-08-21T07:26:31.330Z
69cbf51f5c7cd75eb8e66afa,69cc0883474e84c411889c3e,/PF26059043PF,55957,2026-03-31T17:46:43.734Z
6a73cdbf5c7cd75eb812d74e,6a87f46c0ba3cf911d4c1a42,/listings/lease/PF26169055PF,114543,2026-08-21T06:47:08.170Z
6a7e760b5c7cd75eb8cbbe6b,6a87e3180ba3cf911d4bf066,/listings/lease/PF26171877PF,141933,2026-08-21T05:33:12.911Z
6a7e7a0c5c7cd75eb8f1925d,6a87f1fbb2fa552e6fb437f3,/listings/lease/PF26175090PF,75565,2026-08-21T06:36:43.425Z
6a7e7e7d5c7cd75eb805c750,6a87f371b2fa552e6fb43cdc,/listings/lease/PF26176248PF,146598,2026-08-21T06:42:57.795Z
6a7e75255c7cd75eb8c69b04,6a87e0a40ba3cf911d4bea3e,/listings/lease/PT26174151MR,73890,2026-08-21T05:22:44.388Z
68f8fd8d5c7cd75eb8144a8c,68f907bc59620ebc5417304f,/PV25241078MR,62229,2025-10-22T16:35:08.641Z
693932395c7cd75eb809590c,694195de82f8fc127048ebd6,/PV25270021MR,65335,2025-12-16T17:24:46.914Z
6a18615f5c7cd75eb8f7ba25,6a205aae8e4bf2f260ebab63,/PV26114317MR,119246,2026-06-03T16:47:42.191Z
6a2986575c7cd75eb8f688e0,6a298fc65bf5152649d84e5f,/PV26122222MR,55645,2026-06-10T16:24:38.490Z
6a7e84135c7cd75eb81f00d3,6a87fd7a71a74d667aa51da5,/listings/lease/PV26172701MR,72962,2026-08-21T07:25:46.474Z
6878442b5c7cd75eb863f32a,687851b44c3f9ed4756940bd,/PW25158449MR,69905,2025-07-17T01:28:20.457Z
689d708a5c7cd75eb8e4374b,689d8628fa276b59b86a92cc,/PW25178413MR,145306,2025-08-14T06:46:00.137Z
68af38295c7cd75eb82d7492,68af4250f34b21c3f6dd5c65,/PW25191415MR,95466,2025-08-27T17:37:20.995Z
68ed11d55c7cd75eb8cb3cf1,68ed2089b770f856032a8402,/PW25233048MR,20123,2025-10-13T15:53:45.699Z
69393b475c7cd75eb84a64e2,69419efa288c96e6a13ad314,/PW25271139MR,43516,2025-12-16T18:03:38.370Z
693930d85c7cd75eb801857b,694214b4e5d71bdb4c7366b7,/PW25272823MR,89375,2025-12-17T02:25:56.999Z
693930d85c7cd75eb801857b,6941948182f8fc127048cb06,/PW25272823MR,89390,2025-12-16T17:18:57.786Z
694211ab5c7cd75eb8780983,6942177b288c96e6a13d9bd3,/PW25274873MR,56884,2025-12-17T02:37:47.120Z
695e90025c7cd75eb8f7fde9,695ea106c795a720d2ed7a9b,/PW26000268MR,71684,2026-01-07T18:08:06.043Z
695e90025c7cd75eb8f7fde9,695e921308f957572081bc50,/PW26000268MR,71684,2026-01-07T17:04:19.399Z
697167175c7cd75eb85baf6b,6971701e6e090015a5a7b293,/PW26010956MR,66586,2026-01-22T00:32:30.319Z
697167175c7cd75eb85baf6b,69716ae19110ecfee7731290,/PW26010956MR,66586,2026-01-22T00:10:09.507Z
697167175c7cd75eb85baf6b,697168f59110ecfee77310ef,/PW26010956MR,66586,2026-01-22T00:01:57.333Z
697ad0125c7cd75eb815d667,6984fc5bc63580040e10ce5a,/PW26015555MR,60497,2026-02-05T20:23:55.786Z
697ad0125c7cd75eb815d667,6983a2139f3bb0a71cfdbfef,/PW26015555MR,60497,2026-02-04T19:46:27.168Z
697ad0125c7cd75eb815d667,6986346d59727e0eb49a3bd4,/PW26015555MR,60497,2026-02-06T18:35:25.697Z
697acf985c7cd75eb80e4ddc,6984fbcdf4a1d44dc43de519,/PW26016053MR,49487,2026-02-05T20:21:33.646Z
697acf985c7cd75eb80e4ddc,6983a18a27668d117a28b33e,/PW26016053MR,49487,2026-02-04T19:44:10.914Z
697acf985c7cd75eb80e4ddc,698633773659957de51749e6,/PW26016053MR,49487,2026-02-06T18:31:19.726Z
697ad2f85c7cd75eb829b980,6984ff76f4a1d44dc43ea357,/PW26016091MR,47221,2026-02-05T20:37:10.554Z
697ad2f85c7cd75eb829b980,6983a51c4385378b96ff7863,/PW26016091MR,47258,2026-02-04T19:59:24.393Z
697ad2f85c7cd75eb829b980,69863a08866f6320d67b7b2e,/PW26016091MR,47221,2026-02-06T18:59:20.079Z
69bc179c5c7cd75eb84526ad,69cbee6936dc335ccc6c78d4,/PW26036979MR,147989,2026-03-31T15:55:21.152Z
699d44b85c7cd75eb87bf753,699d5487c2eafb93c6977e00,/PW26039348MR,135382,2026-02-24T07:34:31.727Z
69bc18625c7cd75eb84a4397,69cbef2e974da8272cd6e8c2,/PW26051132MR,100861,2026-03-31T15:58:38.047Z
69cbf5735c7cd75eb8e896ca,69cc078b8bfad2feb9ea956d,/PW26060052MR,100776,2026-03-31T17:42:35.432Z
69cbf5405c7cd75eb8e73d73,69cc07f536dc335ccc6f5c38,/PW26063864MR,95613,2026-03-31T17:44:21.734Z
69f22c9d5c7cd75eb8835493,69f23352fefcc726bbca01bf,/PW26089185MR,65802,2026-04-29T16:35:30.894Z
6a1853d85c7cd75eb8863379,6a20496876ee1a01d9b77562,/PW26108243MR,88292,2026-06-03T15:34:00.792Z
6a185f2e5c7cd75eb8e7949b,6a2057ccd8d4da9f95b90eb8,/PW26113704MR,119743,2026-06-03T16:35:24.485Z
6a185e825c7cd75eb8e32b1e,6a2056fcb5b6ff321690cce3,/PW26114484MR,66436,2026-06-03T16:31:56.314Z
6a1854105c7cd75eb887c110,6a2049b67394b5f8e86fe97e,/PW26114584MR,124855,2026-06-03T15:35:18.699Z
6a18579a5c7cd75eb8a10819,6a204ddce7dbf325c6465a43,/PW26114877MR,18930,2026-06-03T15:53:00.598Z
6a185c915c7cd75eb8d33a8d,6a20543bd0797ed3ec47e940,/PW26114960MR,114065,2026-06-03T16:20:11.683Z
6a18599f5c7cd75eb8b185bf,6a20513117f9ff4d10b23ded,/PW26115151MR,106986,2026-06-03T16:07:13.047Z
6a2986b05c7cd75eb8f96651,6a2993115001b0972c270949,/PW26123627MR,64675,2026-06-10T16:38:41.579Z
6a29868b5c7cd75eb8f7c5e4,6a2987b85e611c28a901bc9c,/PW26123851MR,112217,2026-06-10T15:50:16.700Z
6a337e8a5c7cd75eb8f0ee07,6a338d326dceb445dbe09330,/PW26130419MR,99525,2026-06-18T06:16:18.360Z
6a7e80a55c7cd75eb80fca03,6a87f45c0ba3cf911d4c19ee,/listings/buy/PW26172768MR,138046,2026-08-21T06:46:52.905Z
6a7e7ea05c7cd75eb8063c57,6a87f3bc0ba3cf911d4c17d2,/listings/lease/PW26172782MR,75380,2026-08-21T06:44:12.815Z
6a7e72375c7cd75eb8bad0e6,6a87dec5b2fa552e6fb40d46,/listings/lease/PW26172901MR,87654,2026-08-21T05:14:45.089Z
6a7e7b195c7cd75eb8f68239,6a87f295b2fa552e6fb43a22,/listings/lease/PW26173519MR,177980,2026-08-21T06:39:17.672Z
6a7e7f945c7cd75eb80a7256,6a87f512b2fa552e6fb441a2,/listings/lease/PW26174315MR,84023,2026-08-21T06:49:55.000Z
6a7e78265c7cd75eb8d963c0,6a87ed97b2fa552e6fb43143,/listings/lease/PW26175071MR,52462,2026-08-21T06:17:59.553Z
6a7e76b15c7cd75eb8cfc424,6a87e8d20ba3cf911d4c0160,/listings/lease/PW26175086MR,86789,2026-08-21T05:57:38.252Z
6a7e79505c7cd75eb8ea5717,6a87f20fb2fa552e6fb4382d,/listings/lease/PW26175213MR,124835,2026-08-21T06:37:03.220Z
6a7e83405c7cd75eb81b59f4,6a99bf3cae86cccd143b1b50,/listings/buy/PW26175801MR,128291,2026-09-03T18:41:00.352Z
6a7e75cf5c7cd75eb8ca5e3d,6a87e21a0ba3cf911d4bee85,/listings/lease/PW26175837MR,87022,2026-08-21T05:28:58.225Z
6a7e76065c7cd75eb8cb8fd5,6a87e2bb0ba3cf911d4befd0,/listings/lease/PW26175882MR,86884,2026-08-21T05:31:39.757Z
6a7e759d5c7cd75eb8c92d2c,6a87e17f71a74d667aa4e5f0,/listings/lease/PW26176178MR,16707,2026-08-21T05:26:23.637Z
6a7e73d55c7cd75eb8c1024c,6a87dfa671a74d667aa4e05c,/listings/lease/PW26176502MR,61169,2026-08-21T05:18:30.273Z
6a7e75075c7cd75eb8c60e47,6a87e072b2fa552e6fb411e2,/listings/lease/PW26176669MR,82091,2026-08-21T05:21:54.240Z
6a7e76d05c7cd75eb8d08c71,6a87e8f5b2fa552e6fb427b6,/listings/lease/PW26176765MR,145963,2026-08-21T05:58:13.569Z
6a7e78355c7cd75eb8d9bd84,6a87ec440ba3cf911d4c0a39,/listings/lease/PW26177105MR,80092,2026-08-21T06:12:20.086Z
6aa0faf0ead997d09a697816,6aa2cb1fdeb7d52b0643af8a,/listings/lease/PW26193225MR,84877,2026-09-10T15:22:07.883Z
6aa0fc1aead997d09a70bb03,6aa2cb8a6f1ca502b07c1cc3,/listings/lease/PW26193515MR,33480,2026-09-10T15:23:54.969Z
6aa0fc55ead997d09a724d3e,6aa2cb956f1ca502b07c1d6a,/listings/lease/PW26193755MR,72343,2026-09-10T15:24:05.736Z
6aa0fa9aead997d09a64c407,6aa189e76f1ca502b07511f3,/listings/buy/PW26194131MR,78272,2026-09-09T16:31:35.727Z
6aa0fb09ead997d09a6a2508,6aa2cb226f1ca502b07c17eb,/listings/lease/PW26195830MR,100608,2026-09-10T15:22:10.776Z
686ef3645c7cd75eb80c170d,686ef6f13dec791ca62e5358,/RS25152089MR,110866,2025-07-09T23:10:41.654Z
693928d05c7cd75eb8ca14c5,69420c92e5d71bdb4c734807,/RS25271845MR,93254,2025-12-17T01:51:14.809Z
693928d05c7cd75eb8ca14c5,69418c626a268683f2feef00,/RS25271845MR,93194,2025-12-16T16:44:18.591Z
697acf265c7cd75eb80679f5,6984fb579f3bb0a71c16b2c4,/RS26018545MR,57960,2026-02-05T20:19:35.550Z
697acf265c7cd75eb80679f5,6983a11b9f3bb0a71cfda052,/RS26018545MR,57960,2026-02-04T19:42:19.174Z
697acf265c7cd75eb80679f5,698632a84e0f18fe6137d909,/RS26018545MR,57960,2026-02-06T18:27:52.061Z
697ab7225c7cd75eb853b01f,6984e39b9f3bb0a71c135fd1,/RS26019477MR,79929,2026-02-05T18:38:19.708Z
697ab7225c7cd75eb853b01f,69838cd1d563d816474a8ce4,/RS26019477MR,79929,2026-02-04T18:15:45.194Z
697ab7225c7cd75eb853b01f,697ac443f153df8a3fcd145a,/RS26019477MR,79929,2026-01-29T02:21:55.453Z
697ab7225c7cd75eb853b01f,697abaccf73feb95b63b1d83,/RS26019477MR,79929,2026-01-29T01:41:32.003Z
69b9ea5b5c7cd75eb800dcdb,69b9ee9c3d1fcd00c0864972,/RS26045993MR,97110,2026-03-18T00:15:24.880Z
69bc16a05c7cd75eb83f3950,69cbeda9974da8272cd69947,/RS26056225MR,127200,2026-03-31T15:52:09.932Z
6a0491255c7cd75eb8c0a1d6,6a04a6d20c3e7d9dd9404eec,/RS26097685MR,78921,2026-05-13T16:29:06.548Z
6a7e77685c7cd75eb8d4e655,6a87ea6d0ba3cf911d4c0633,/listings/lease/RS26174123MR,93085,2026-08-21T06:04:29.624Z
6a7e7f215c7cd75eb808602e,6a87f48eb2fa552e6fb4407b,/listings/lease/RS26174791MR,102041,2026-08-21T06:47:42.815Z
6aa0fa25ead997d09a5f4880,6aa18ff05a67220426d25d8b,/listings/buy/RS26194641MR,68426,2026-09-09T16:57:20.024Z
6aa0fb3dead997d09a6b5620,6aa2cb2ddeb7d52b0643b030,/listings/lease/RS26195361MR,85492,2026-09-10T15:22:21.908Z
686441cb5c7cd75eb8c76957,6864504d0058e05120233b82,/SB25143874MR,68681,2025-07-01T21:17:01.981Z
68d418af5c7cd75eb8503bf6,68d41fdcad815d46c8502763,/SB25219154MR,54718,2025-09-24T16:44:12.635Z
68ef36fe5c7cd75eb8d4a116,6902370606d88a10bad3e03a,/SB25236461MR,55223,2025-10-29T15:47:18.786Z
6909a7a85c7cd75eb87fadb5,6909aec4f214f9129a8daac1,/SB25249866MR,118368,2025-11-04T07:44:04.151Z
6930749a5c7cd75eb84f50d3,69307ce0f8eaccb7ba84258d,/SB25267153MR,55843,2025-12-03T18:09:36.283Z
69392b5c5c7cd75eb8e28912,69418ed482f8fc1270486369,/SB25272898MR,82083,2025-12-16T16:54:44.025Z
694ac9ea5c7cd75eb86616f0,694acb58d18505ff71789468,/SB25277336MR,110841,2025-12-23T17:03:20.920Z
695e8e225c7cd75eb8ee072b,695ea097601e3da903a316a2,/SB25281880MR,105871,2026-01-07T18:06:15.566Z
695e8e225c7cd75eb8ee072b,695e91b6d96b1e49d5c2c8f4,/SB25281880MR,105871,2026-01-07T17:02:46.196Z
697169ee5c7cd75eb86e5745,69716be06e090015a5a7ad41,/SB26012174MR,62640,2026-01-22T00:14:24.312Z
697ac3ca5c7cd75eb8b8cba1,698626075186746e8063b2bf,/SB26015692MR,115808,2026-02-06T17:33:59.349Z
697ac3ca5c7cd75eb8b8cba1,6984ef639f3bb0a71c14f87b,/SB26015692MR,115808,2026-02-05T19:28:35.901Z
697ac3ca5c7cd75eb8b8cba1,698395e54b6afb5be2afe47b,/SB26015692MR,115803,2026-02-04T18:54:29.654Z
697ad22d5c7cd75eb823c433,6984feb19f3bb0a71c174c18,/SB26016265MR,109757,2026-02-05T20:33:53.066Z
697ad22d5c7cd75eb823c433,6983a45ae2802c9846e37b1c,/SB26016265MR,109494,2026-02-04T19:56:10.637Z
697ad22d5c7cd75eb823c433,69863898b13c1d2959759aa8,/SB26016265MR,109757,2026-02-06T18:53:12.299Z
6984e6885c7cd75eb86d3ae8,6984e9289f3bb0a71c141883,/SB26022424MR,106708,2026-02-05T19:02:00.983Z
69f238bd5c7cd75eb8e71ca2,69fd110d26c58329b1a1a40f,/SB26029073MR,58413,2026-05-07T22:24:13.284Z
69bc1ce75c7cd75eb8688321,69cbf391974da8272cd7b724,/SB26051691MR,107840,2026-03-31T16:17:21.178Z
69bc1d175c7cd75eb869de7a,69cbf3c2fe9bf69aa652e70f,/SB26059044MR,108694,2026-03-31T16:18:10.531Z
69f22c6d5c7cd75eb8816adb,69f23d8f47f3c1a3e550e172,/SB26088415MR,87410,2026-04-29T17:19:11.706Z
6a0491045c7cd75eb8bfe2fd,6a04930df4e9dfe40016bad4,/SB26101184MR,93868,2026-05-13T15:04:45.006Z
6a1861435c7cd75eb8f6d90a,6a205aa0e7759ea6fcae1b82,/SB26113816MR,66177,2026-06-03T16:47:28.490Z
6a1861435c7cd75eb8f6d90a,6a2048aea25885cedb02c93a,/SB26113816MR,66177,2026-06-03T15:30:54.680Z
6a1860745c7cd75eb8f0c23a,6a205962d0797ed3ec488edb,/SB26114201MR,107939,2026-06-03T16:42:10.160Z
6a185b1b5c7cd75eb8c42294,6a20524de7dbf325c646b37e,/SB26114954MR,96240,2026-06-03T16:11:57.071Z
6a1857df5c7cd75eb8a31d29,6a204e13ca694884583bee01,/SB26115101MR,127177,2026-06-03T15:53:55.702Z
6a20486d5c7cd75eb8273b1f,6a204e73ae83fba718954a2d,/SB26115655MR,71798,2026-06-03T15:55:31.344Z
6a337ec75c7cd75eb8f28307,6a33910d6dceb445dbe09a5c,/SB26129587MR,107642,2026-06-18T06:32:45.977Z
6a4b4ed65c7cd75eb80cc417,6a4b56c9cbcd937a00cdb514,/SB26138668MR,133780,2026-07-06T07:18:33.085Z
6a4b4f015c7cd75eb80d87c0,6a4b4ff4126f1a1ba3247b9c,/SB26138751MR,90164,2026-07-06T06:49:24.596Z
6a4c98d35c7cd75eb81d7d8d,6a61aaeb0a7b6ff3188b9117,/SB26144836MR,120090,2026-07-23T05:47:23.573Z
6a9082325c7cd75eb8803659,6a99b22972d8f8a3832c1ede,/listings/buy/SB26152244MR,97318,2026-09-03T17:45:13.767Z
6a9082325c7cd75eb8803659,6aa187485a67220426d2468c,/listings/buy/SB26152244MR,97318,2026-09-09T16:20:24.418Z
6a7e71fc5c7cd75eb8b9d3cf,6a87deb6b2fa552e6fb40cea,/listings/lease/SB26164057MR,109872,2026-08-21T05:14:30.733Z
6a73cc955c7cd75eb8002aba,6a87e6d271a74d667aa4f5e4,/listings/buy/SB26166065MR,79990,2026-08-21T05:49:06.265Z
6a7e80de5c7cd75eb810e4a5,6a87fec20ba3cf911d4c2c6d,/listings/lease/SB26170047MR,102633,2026-08-21T07:31:14.192Z
6a7e76f05c7cd75eb8d1c254,6a87e9590ba3cf911d4c034a,/listings/lease/SB26172797MR,126901,2026-08-21T05:59:53.655Z
6a7e7ff35c7cd75eb80c623f,6a87fca471a74d667aa51b5e,/listings/lease/SB26172808MR,87170,2026-08-21T07:22:12.677Z
6a7e7eea5c7cd75eb8077963,6a87f3f871a74d667aa51138,/listings/lease/SB26173239MR,161504,2026-08-21T06:45:12.977Z
6a7e802f5c7cd75eb80d7d43,6a87fcf371a74d667aa51bc5,/listings/lease/SB26174144MR,55559,2026-08-21T07:23:31.876Z
6a7e75ca5c7cd75eb8ca3ffa,6a87e20b71a74d667aa4e7e7,/listings/lease/SB26174547MR,44606,2026-08-21T05:28:43.223Z
6a7e756b5c7cd75eb8c81bdf,6a87e157b2fa552e6fb41466,/listings/lease/SB26174852MR,133260,2026-08-21T05:25:43.393Z
6a7e75665c7cd75eb8c7f15e,6a87e1660ba3cf911d4bec0a,/listings/lease/SB26175853MR,110553,2026-08-21T05:25:58.166Z
6a7e75b65c7cd75eb8c9c740,6a87e1ed0ba3cf911d4bedff,/listings/lease/SB26176103MR,116570,2026-08-21T05:28:13.345Z
6a7e7f5e5c7cd75eb8098833,6a87f4d271a74d667aa51369,/listings/lease/SB26176467MR,128533,2026-08-21T06:48:50.452Z
6aa0fc76ead997d09a7320bb,6aa2cba8dca547b93101cb8a,/listings/lease/SB26194411MR,93413,2026-09-10T15:24:24.771Z
6a1861355c7cd75eb8f667f8,6a205a8be813137719555e89,/SR25102969MR,40408,2026-06-03T16:47:07.876Z
684af927b13a1025379b8093,684afc2a1f2d62fd30bdabd3,/SR25125746MR,139103,2025-06-12T16:11:22.260Z
686ef3b35c7cd75eb80da2ab,686efba43dec791ca62e5ba0,/SR25148913MR,105677,2025-07-09T23:30:44.803Z
686ef33c5c7cd75eb80b7517,686f02da3dec791ca62e9538,/SR25151875MR,127285,2025-07-10T00:01:30.504Z
687844a85c7cd75eb8662ac5,68784c4308627b915621ca9a,/SR25157583MR,104220,2025-07-17T01:05:07.121Z
68802e335c7cd75eb80ca59b,6880303c2b43b1cc214baf01,/SR25160434MR,58713,2025-07-23T00:43:40.603Z
68a500e05c7cd75eb8d57802,68a50e4d14a5ed5fc4f34008,/SR25177330MR,85026,2025-08-19T23:52:45.498Z
689d70615c7cd75eb8e33ef7,689d734e842519e7c396988c,/SR25180016MR,64822,2025-08-14T05:25:34.293Z
689d70e95c7cd75eb8e6908d,689d741ffa276b59b86a805c,/SR25180068MR,56317,2025-08-14T05:29:03.373Z
689d70ad5c7cd75eb8e503fb,689d7c26842519e7c396a180,/SR25181069MR,78851,2025-08-14T06:03:18.896Z
68a5009e5c7cd75eb8d3f47a,68a502c114a5ed5fc4f32d97,/SR25184102MR,87670,2025-08-19T23:03:29.579Z
68cae69c5c7cd75eb8edf48b,68cae8c0fc6eb420c84a00d2,/SR25217452MR,252165,2025-09-17T16:58:40.781Z
68dc6cbb5c7cd75eb8be5d2a,68dc78a1f42eedf08c084f14,/SR25225347MR,72082,2025-10-01T00:41:05.701Z
68dc6c6f5c7cd75eb8bd9266,68dc78b647c5f98701f226ef,/SR25228161MR,70598,2025-10-01T00:41:26.339Z
68ed120b5c7cd75eb8cd10a0,68ed1ca8b770f856032a09f9,/SR25230042MR,105697,2025-10-13T15:37:12.153Z
690231455c7cd75eb8c9d730,690238a704e1c33c77311961,/SR25246651MR,81563,2025-10-29T15:54:15.985Z
690231385c7cd75eb8c94b63,6902371306d88a10bad3e0c5,/SR25247020MR,98683,2025-10-29T15:47:31.833Z
6909a7345c7cd75eb87ad37c,6909b4198da593bbb1a8d4c1,/SR25250211MR,60285,2025-11-04T08:06:49.376Z
6909a7cf5c7cd75eb880d67b,6909b425f214f9129a8db19e,/SR25250228MR,49958,2025-11-04T08:07:01.836Z
6916109c5c7cd75eb8ffd4e7,691616b588432bc7d63b8d6d,/SR25255986MR,63744,2025-11-13T17:34:45.862Z
691eb0ff5c7cd75eb82caef7,691ebe17d8016764ee44c3ef,/SR25260437MR,69991,2025-11-20T07:07:03.103Z
692822d05c7cd75eb8716add,692829eb8a329c77da7678ce,/SR25262658MR,41366,2025-11-27T10:37:31.848Z
693074d55c7cd75eb850c94c,693075811ee760e9dc127ab1,/SR25266960MR,39453,2025-12-03T17:38:09.789Z
69392a375c7cd75eb8d4362e,69420deb288c96e6a13d7af7,/SR25269754MR,111857,2025-12-17T01:56:59.357Z
69392a375c7cd75eb8d4362e,69418dbe6a268683f2ff02b5,/SR25269754MR,114567,2025-12-16T16:50:06.072Z
693936bc5c7cd75eb8252c09,69419a7de5d71bdb4c7021ff,/SR25269794MR,53365,2025-12-16T17:44:29.477Z
69392b9e5c7cd75eb8e41a22,69420f3ee5d71bdb4c735191,/SR25270489MR,113733,2025-12-17T02:02:38.177Z
69392b9e5c7cd75eb8e41a22,69418f186a268683f2ff26c9,/SR25270489MR,113597,2025-12-16T16:55:52.455Z
693930ca5c7cd75eb8013753,694214a7288c96e6a13d9392,/SR25270666MR,77169,2025-12-17T02:25:43.464Z
693930ca5c7cd75eb8013753,6941947482f8fc127048c6f4,/SR25270666MR,77169,2025-12-16T17:18:44.741Z
693929405c7cd75eb8cdadcc,69420cfb288c96e6a13d7756,/SR25270826MR,50202,2025-12-17T01:52:59.893Z
693929405c7cd75eb8cdadcc,69418ccce5d71bdb4c6f097b,/SR25270826MR,50202,2025-12-16T16:46:04.753Z
693929fd5c7cd75eb8d2bff5,69420db5e5d71bdb4c734db7,/SR25270894MR,46222,2025-12-17T01:56:05.572Z
693929fd5c7cd75eb8d2bff5,69418d88288c96e6a13936c5,/SR25270894MR,46222,2025-12-16T16:49:12.072Z
693937325c7cd75eb828b2a3,69419af595745ec6c5f7a6fb,/SR25271371MR,75612,2025-12-16T17:46:29.598Z
69393b975c7cd75eb84c39c7,69419f27ab9fa48fa1fde827,/SR25271416MR,63721,2025-12-16T18:04:23.302Z
69392be15c7cd75eb8e5e805,69420f7f82f8fc12704c7e22,/SR25271831MR,118516,2025-12-17T02:03:43.348Z
69392be15c7cd75eb8e5e805,69418f59bee541dad070e8b5,/SR25271831MR,118516,2025-12-16T16:56:57.060Z
6939391c5c7cd75eb83b37ed,69419cde6a268683f20046e7,/SR25271870MR,102437,2025-12-16T17:54:38.252Z
6939294e5c7cd75eb8ce1028,69420d08288c96e6a13d77cb,/SR25272240MR,195926,2025-12-17T01:53:12.577Z
6939294e5c7cd75eb8ce1028,69418cd9e5d71bdb4c6f0a3a,/SR25272240MR,195926,2025-12-16T16:46:17.976Z
69392bee5c7cd75eb8e62e31,69420f8ce5d71bdb4c7353c1,/SR25272272MR,125165,2025-12-17T02:03:56.221Z
69392bee5c7cd75eb8e62e31,69418f65288c96e6a13963b5,/SR25272272MR,125165,2025-12-16T16:57:09.866Z
693938295c7cd75eb82f3e44,69419be795745ec6c5f7b8db,/SR25272362MR,67501,2025-12-16T17:50:31.053Z
693b29555c7cd75eb83cfe3d,6941a1246a268683f200c81c,/SR25272874MR,131958,2025-12-16T18:12:52.813Z
6939333c5c7cd75eb80f43bd,694196e095745ec6c5f7581a,/SR25273029MR,91175,2025-12-16T17:29:04.835Z
695e8e2e5c7cd75eb8ee5a1f,695e9d07e5f70b9dfc415298,/SR25282425MR,102047,2026-01-07T17:51:03.118Z
695e8e2e5c7cd75eb8ee5a1f,695e91c3c795a720d2ebe447,/SR25282425MR,102047,2026-01-07T17:02:59.360Z
69bc10885c7cd75eb80e5e0f,69cbe77f974da8272cd54b0e,/SR26005250MR,136674,2026-03-31T15:25:51.306Z
69bc10885c7cd75eb80e5e0f,69bc18b1d04b87f0750eccc5,/SR26005250MR,136674,2026-03-19T15:39:29.221Z
697167795c7cd75eb85e22f8,69716e9f9110ecfee7731729,/SR26010754MR,95444,2026-01-22T00:26:07.076Z
697167795c7cd75eb85e22f8,69716b456e090015a5a7acca,/SR26010754MR,95444,2026-01-22T00:11:49.014Z
697167795c7cd75eb85e22f8,697169581aa47b70dc279309,/SR26010754MR,95444,2026-01-22T00:03:36.451Z
697169645c7cd75eb86b276d,6971874d9110ecfee77339b4,/SR26014394MR,98935,2026-01-22T02:11:25.678Z
697169645c7cd75eb86b276d,69716b539110ecfee7731352,/SR26014394MR,98935,2026-01-22T00:12:03.065Z
697acf015c7cd75eb8051207,6984fb29e2802c9846fc1d75,/SR26015840MR,105127,2026-02-05T20:18:49.952Z
697acf015c7cd75eb8051207,6983a0eed8fd9d4bb83468b8,/SR26015840MR,105127,2026-02-04T19:41:34.600Z
697acf015c7cd75eb8051207,6986325a4e0f18fe6137d5f4,/SR26015840MR,105127,2026-02-06T18:26:34.205Z
697ab7085c7cd75eb852df08,6984e38027668d117a3e6031,/SR26017306MR,61385,2026-02-05T18:37:52.489Z
697ab7085c7cd75eb852df08,69838cb561dd69f3d258e4fd,/SR26017306MR,61334,2026-02-04T18:15:17.891Z
697ab7085c7cd75eb852df08,697acc3f44169c75dda31437,/SR26017306MR,61334,2026-01-29T02:55:59.358Z
697ab7085c7cd75eb852df08,697abab144169c75dda2fe1e,/SR26017306MR,61334,2026-01-29T01:41:05.374Z
697acbfa5c7cd75eb8ef6767,6984f7b9e2802c9846fb8e60,/SR26018009MR,103931,2026-02-05T20:04:09.398Z
697acbfa5c7cd75eb8ef6767,69839e2d83c8c8904420182e,/SR26018009MR,103931,2026-02-04T19:29:49.995Z
697acbfa5c7cd75eb8ef6767,69862e5959727e0eb499b33b,/SR26018009MR,103931,2026-02-06T18:09:29.654Z
697ac1785c7cd75eb8a3fab6,698623b79d12f29a69762173,/SR26018258MR,160257,2026-02-06T17:24:07.002Z
697ac1785c7cd75eb8a3fab6,6984ed1927668d117a3f9eb3,/SR26018258MR,160257,2026-02-05T19:18:49.829Z
697ac1785c7cd75eb8a3fab6,6983939c9f3bb0a71cfbd876,/SR26018258MR,160257,2026-02-04T18:44:44.193Z
697ab72f5c7cd75eb853de4d,6984e3a881115971bbca43a1,/SR26018476MR,121506,2026-02-05T18:38:32.660Z
697ab72f5c7cd75eb853de4d,69838cde2d98edc91f85caa8,/SR26018476MR,121506,2026-02-04T18:15:58.089Z
697ab72f5c7cd75eb853de4d,697ac1e544169c75dda30801,/SR26018476MR,121506,2026-01-29T02:11:49.428Z
697ab72f5c7cd75eb853de4d,697abad9f153df8a3fcd07dd,/SR26018476MR,121506,2026-01-29T01:41:45.393Z
697ac45b5c7cd75eb8bc9d05,698626a6b13c1d295973ee32,/SR26019132MR,78591,2026-02-06T17:36:38.596Z
697ac45b5c7cd75eb8bc9d05,6984eff927668d117a4015b3,/SR26019132MR,78591,2026-02-05T19:31:05.150Z
697ac45b5c7cd75eb8bc9d05,6983967bbeed98d51e51f6b2,/SR26019132MR,78591,2026-02-04T18:56:59.854Z
697ac45b5c7cd75eb8bc9d05,69d6b8b4969582e3299de48c,/SR26019132MR,78591,2026-04-08T20:21:08.754Z
697acba05c7cd75eb8ed17a4,6984f75ef4a1d44dc43d30bb,/SR26019242MR,73868,2026-02-05T20:02:38.147Z
697acba05c7cd75eb8ed17a4,69839dd727668d117a28192c,/SR26019242MR,73868,2026-02-04T19:28:23.631Z
697acba05c7cd75eb8ed17a4,69862e00e24f70419ec9d80c,/SR26019242MR,73868,2026-02-06T18:08:00.876Z
6984e6675c7cd75eb86c71d3,6984f355e2802c9846fafbfc,/SR26024096MR,19348,2026-02-05T19:45:25.717Z
699d44ac5c7cd75eb87ba147,699d53f7c2eafb93c6977a92,/SR26036950MR,88999,2026-02-24T07:32:07.494Z
69bc16e35c7cd75eb840b35f,69cbede8974da8272cd6a325,/SR26050696MR,93067,2026-03-31T15:53:12.932Z
69bc19ee5c7cd75eb854bb71,69cbf0a095ccb95f6826fce5,/SR26053590MR,92430,2026-03-31T16:04:48.522Z
69bc1a175c7cd75eb855fa06,69cbf0ca974da8272cd7380f,/SR26056800MR,87202,2026-03-31T16:05:30.047Z
69bc14125c7cd75eb82dc55e,69cbeb17474e84c41185003f,/SR26057396MR,69338,2026-03-31T15:41:11.791Z
69bc12175c7cd75eb81e4cfc,69cbe916474e84c411849f0c,/SR26057832MR,84315,2026-03-31T15:32:38.540Z
69bc10625c7cd75eb80d44fb,69cbe75e36dc335ccc6affc5,/SR26059365MR,75538,2026-03-31T15:25:18.727Z
69bc10625c7cd75eb80d44fb,69bc1cf1ff974e0ae1903f3a,/SR26059365MR,75538,2026-03-19T15:57:37.852Z
69d6b3405c7cd75eb8193f06,69d6b651699c695a8f37678a,/SR26062873MR,54726,2026-04-08T20:10:57.232Z
69cbf59a5c7cd75eb8e97ac4,69cbf720fe9bf69aa6536752,/SR26065459MR,102822,2026-03-31T16:32:32.953Z
69d6b3215c7cd75eb8188746,69d6bfb6e22fccb8643ed21d,/SR26072201MR,102547,2026-04-08T20:51:02.047Z
69d6b2f45c7cd75eb8173ac6,69d6b9a1cbfe5c08816f85e3,/SR26074449MR,73107,2026-04-08T20:25:05.232Z
69f22ca45c7cd75eb8838cbf,69f22f4cfdd21cef188b1e86,/SR26088242MR,131021,2026-04-29T16:18:20.452Z
6a1852be5c7cd75eb87e20a8,6a185a0d8f9b0ef6b2074c3e,/SR26089088MR,93522,2026-05-28T15:06:53.883Z
6aa0fe2eead997d09a7f4b7a,6aabfe526af46213ac6c098f,/listings/buy/SR26093012MR,227404,2026-09-17T14:50:58.318Z
6aa0fe2eead997d09a7f4b7a,6aa186fd8934f8e776221eff,/listings/buy/SR26093012MR,227404,2026-09-09T16:19:09.940Z
6a185b6d5c7cd75eb8c90de2,6a20535cd8d4da9f95b89676,/SR26101078MR,83712,2026-06-03T16:16:28.954Z
6a0490f75c7cd75eb8bfae55,6a049236de8a51c16ba183fe,/SR26102147MR,53373,2026-05-13T15:01:10.415Z
6a04911e5c7cd75eb8c08641,6a049bae6632173ce111a480,/SR26103403MR,112130,2026-05-13T15:41:34.127Z
6a1852da5c7cd75eb87f05d8,6a1855b579bb78df4b4a204e,/SR26108328MR,72046,2026-05-28T14:48:21.625Z
6a2048925c7cd75eb8280d73,6a205388e813137719549493,/SR26108475MR,156634,2026-06-03T16:17:12.749Z
6a1852955c7cd75eb87d2ef9,6a1856438f9b0ef6b206aecf,/SR26110990MR,89277,2026-05-28T14:50:43.960Z
6a185feb5c7cd75eb8ec7879,6a20588cb5b6ff321690dcab,/SR26111853MR,118806,2026-06-03T16:38:36.437Z
6a1853545c7cd75eb8823dd7,6a6946f5f1f37f62e9a3d145,/SR26113129MR,104837,2026-07-29T00:19:01.140Z
6a1853545c7cd75eb8823dd7,6a619abc3064425304aeadeb,/SR26113129MR,104830,2026-07-23T04:38:20.710Z
6a1853545c7cd75eb8823dd7,6a6a0e52f1f37f62e9b06382,/SR26113129MR,104837,2026-07-29T14:29:38.481Z
6a185e285c7cd75eb8e08474,6a20567dd0797ed3ec484234,/SR26113246MR,82547,2026-06-03T16:29:49.632Z
6a185d0d5c7cd75eb8d744aa,6a20549861b9b0b0a3e06fcf,/SR26113631MR,141743,2026-06-03T16:21:44.803Z
6a18542e5c7cd75eb88889c6,6a204a52d8d4da9f95b7d99e,/SR26113835MR,80125,2026-06-03T15:37:54.136Z
6a18553c5c7cd75eb88fc744,6a204aa793e993dac3d7741b,/SR26114553MR,47742,2026-06-03T15:39:19.616Z
6a18584d5c7cd75eb8a66518,6a204faf61b9b0b0a3e01448,/SR26114570MR,87751,2026-06-03T16:00:47.046Z
6a18568e5c7cd75eb8994ec5,6a204c2ea25885cedb030a0c,/SR26114604MR,72868,2026-06-03T15:45:50.717Z
6a1854045c7cd75eb88778d5,6a204a12d8d4da9f95b7d466,/SR26114623MR,144865,2026-06-03T15:36:50.909Z
6a1853995c7cd75eb88418a7,6a20493fa25885cedb02d8a3,/SR26114627MR,115385,2026-06-03T15:33:19.351Z
6a185bc65c7cd75eb8cc64c1,6a2053a9e7dbf325c646d4e2,/SR26114779MR,61239,2026-06-03T16:17:45.922Z
6a185a9f5c7cd75eb8bbb31c,6a2051f1e7dbf325c6469dc3,/SR26114930MR,100710,2026-06-03T16:10:25.207Z
6a185cc75c7cd75eb8d4e84b,6a20545ad0797ed3ec47e992,/SR26114970MR,125123,2026-06-03T16:20:42.414Z
6a1855675c7cd75eb890ef24,6a204b13e81313771953da42,/SR26115106MR,83215,2026-06-03T15:41:07.513Z
6a18545f5c7cd75eb889caaa,6a204a8ce81313771953d843,/SR26115112MR,90008,2026-06-03T15:38:52.228Z
6a2048895c7cd75eb827e7d8,6a204a93a25885cedb030685,/SR26116638MR,233229,2026-06-03T15:38:59.313Z
6a2986a95c7cd75eb8f93dd6,6a298edf5e611c28a9024f84,/SR26118019MR,58029,2026-06-10T16:20:47.078Z
6a2986995c7cd75eb8f88167,6a298896d1a56fe35e57fba4,/SR26123878MR,105535,2026-06-10T15:53:58.110Z
6a337ea15c7cd75eb8f19d1a,6a338f826dceb445dbe097ea,/SR26124377MR,138500,2026-06-18T06:26:10.142Z
6a5909bf5c7cd75eb81596e6,6a590d65314b84c66168e471,/SR26125095MR,115917,2026-07-16T16:57:09.942Z
6a337e5f5c7cd75eb8efb8de,6a3387da6dceb445dbe08759,/SR26127765MR,80913,2026-06-18T05:53:30.483Z
6a5909c65c7cd75eb815e032,6a590aaf9c8046c3c62793d1,/SR26134940MR,93959,2026-07-16T16:45:35.461Z
6a4b4eb85c7cd75eb80c411c,6a4b5aaecbcd937a00cdc110,/SR26137831MR,99136,2026-07-06T07:35:10.664Z
6a4b4eb05c7cd75eb80c2779,6a4b500f63152ab5c4267113,/SR26139143MR,77603,2026-07-06T06:49:51.861Z
6a4b4ef95c7cd75eb80d736c,6a4b58af00653f3b6cacdd64,/SR26140548MR,56558,2026-07-06T07:26:39.097Z
6a4c94985c7cd75eb8fc4451,6a4c97379296fe3b76c46326,/SR26145713MR,62571,2026-07-07T06:05:43.004Z
6a5909a15c7cd75eb8145877,6a590fe0bb311a7ca483d9af,/SR26151936MR,100782,2026-07-16T17:07:44.377Z
6a7e74fd5c7cd75eb8c5de5d,6a87e05a0ba3cf911d4be93b,/listings/lease/SR26162965MR,28499,2026-08-21T05:21:30.329Z
6a7e7fc65c7cd75eb80b5463,6a87fb09b2fa552e6fb44763,/listings/lease/SR26166083MR,62230,2026-08-21T07:15:21.766Z
6a73bd6b5c7cd75eb801d70d,6a87e573b2fa552e6fb42244,/listings/lease/SR26170237MR,88807,2026-08-21T05:43:15.119Z
6a73c1d85c7cd75eb849cf42,6a87dbc071a74d667aa4d785,/listings/lease/SR26170253MR,108241,2026-08-21T05:01:52.219Z
6a73c1b95c7cd75eb8480a14,6a87db6571a74d667aa4d724,/listings/lease/SR26170261MR,108327,2026-08-21T05:00:21.711Z
6a73c65f5c7cd75eb89cc109,6a87eaa4b2fa552e6fb42c64,/listings/lease/SR26170271MR,134040,2026-08-21T06:05:24.578Z
6a73c4e95c7cd75eb885e87f,6a87e642b2fa552e6fb42339,/listings/lease/SR26170518MR,56990,2026-08-21T05:46:42.773Z
6a7e7b795c7cd75eb8f85690,6a87f2b8b2fa552e6fb43a77,/listings/lease/SR26171841MR,70398,2026-08-21T06:39:52.788Z
6a7e767e5c7cd75eb8ce8f3c,6a87e85071a74d667aa4f80d,/listings/lease/SR26172137MR,10898,2026-08-21T05:55:28.299Z
6a7e7f9e5c7cd75eb80a9c59,6a87d735b2fa552e6fb40226,/listings/lease/SR26172900MR,95050,2026-08-21T04:42:29.010Z
6a7e77505c7cd75eb8d44670,6a87ea1d71a74d667aa4fd50,/listings/lease/SR26172987MR,65859,2026-08-21T06:03:09.995Z
6a7e75035c7cd75eb8c5f7c7,6a87e07c71a74d667aa4e2c3,/listings/lease/SR26173005MR,101800,2026-08-21T05:22:04.761Z
6a7e76705c7cd75eb8ce3582,6a87e81e0ba3cf911d4bfeb9,/listings/lease/SR26173516MR,71520,2026-08-21T05:54:38.426Z
6a7e74365c7cd75eb8c28996,6a87dfdab2fa552e6fb41060,/listings/lease/SR26173574MR,132688,2026-08-21T05:19:23.000Z
6a7e7f355c7cd75eb808a523,6a87f5030ba3cf911d4c1c31,/listings/lease/SR26173585MR,84945,2026-08-21T06:49:39.695Z
6a7e786c5c7cd75eb8dadced,6a87f15e71a74d667aa508fd,/listings/lease/SR26173787MR,168595,2026-08-21T06:34:06.310Z
6a7e75165c7cd75eb8c65a36,6a87e08671a74d667aa4e307,/listings/lease/SR26173802MR,64371,2026-08-21T05:22:14.474Z
6a7e73805c7cd75eb8bfd249,6a87df9d0ba3cf911d4be6d0,/listings/lease/SR26173806MR,55547,2026-08-21T05:18:21.546Z
6a7e7fbc5c7cd75eb80b2dbe,6a87f8c70ba3cf911d4c2022,/listings/lease/SR26173836MR,108833,2026-08-21T07:05:43.577Z
6a7e80615c7cd75eb80e90b5,6a87fd93b2fa552e6fb44cb6,/listings/lease/SR26173846MR,85028,2026-08-21T07:26:11.298Z
6a7e74685c7cd75eb8c3671b,6a87d7d00ba3cf911d4bd7fd,/listings/lease/SR26173857MR,117839,2026-08-21T04:45:04.251Z
6a7e6f2f5c7cd75eb8af015f,6a87f43e71a74d667aa51230,/listings/lease/SR26173931MR,49278,2026-08-21T06:46:22.784Z
6a7e80265c7cd75eb80d4e73,6a87fd20b2fa552e6fb44b09,/listings/lease/SR26174017MR,92970,2026-08-21T07:24:16.237Z
6a7e78675c7cd75eb8daca08,6a87f13d71a74d667aa508af,/listings/lease/SR26174045MR,72310,2026-08-21T06:33:33.387Z
6a7e7fc15c7cd75eb80b44db,6a87fa1fb2fa552e6fb446b2,/listings/lease/SR26174091MR,85754,2026-08-21T07:11:27.247Z
6a7e785d5c7cd75eb8da98f1,6a87f050b2fa552e6fb434eb,/listings/lease/SR26174434MR,140734,2026-08-21T06:29:36.581Z
6a7e7b5b5c7cd75eb8f7ab1f,6a87f2aa71a74d667aa50d0d,/listings/lease/SR26174458MR,106213,2026-08-21T06:39:38.267Z
6a7e7e8c5c7cd75eb805fa92,6a87f3b371a74d667aa51043,/listings/lease/SR26174498MR,96047,2026-08-21T06:44:03.446Z
6a7e770a5c7cd75eb8d28080,6a87e9770ba3cf911d4c039d,/listings/lease/SR26174657MR,90091,2026-08-21T06:00:23.742Z
6a7e7dc35c7cd75eb802c852,6a87f3130ba3cf911d4c15cc,/listings/lease/SR26174809MR,66174,2026-08-21T06:41:23.196Z
6a7e763d5c7cd75eb8cce90e,6a87e92c0ba3cf911d4c02d9,/listings/lease/SR26174991MR,72716,2026-08-21T05:59:08.621Z
6a7e75d95c7cd75eb8ca8cca,6a87e215b2fa552e6fb41656,/listings/lease/SR26174998MR,76443,2026-08-21T05:28:53.487Z
6a7e79865c7cd75eb8ee275d,6a87eb53b2fa552e6fb42e8a,/listings/lease/SR26175322MR,133218,2026-08-21T06:08:19.430Z
6a7e80345c7cd75eb80daaf4,6a87fd4d71a74d667aa51cd4,/listings/lease/SR26175386MR,108606,2026-08-21T07:25:01.187Z
6a7e77c75c7cd75eb8d7490b,6a87eaf90ba3cf911d4c07aa,/listings/lease/SR26175455MR,33440,2026-08-21T06:06:49.885Z
6a7e715b5c7cd75eb8b74a96,6a87dba30ba3cf911d4bdc27,/listings/lease/SR26175550MR,63124,2026-08-21T05:01:23.424Z
6a7e78305c7cd75eb8d99ea0,6a87d71b0ba3cf911d4bd770,/listings/lease/SR26175619MR,122181,2026-08-21T04:42:03.994Z
6a7e74ee5c7cd75eb8c590a4,6a87dff371a74d667aa4e144,/listings/lease/SR26175644MR,78479,2026-08-21T05:19:47.310Z
6a7e80085c7cd75eb80cbddf,6a87fcdfb2fa552e6fb44a55,/listings/lease/SR26175664MR,74181,2026-08-21T07:23:11.798Z
6a7e77ae5c7cd75eb8d6aa8d,6a87ead10ba3cf911d4c0746,/listings/lease/SR26175829MR,92452,2026-08-21T06:06:09.524Z
6a7e7ae05c7cd75eb8f55d2e,6a87f27d71a74d667aa50c43,/listings/lease/SR26176018MR,62208,2026-08-21T06:38:53.139Z
6a7e75345c7cd75eb8c6e8c0,6a87e0b80ba3cf911d4bea66,/listings/lease/SR26176050MR,62583,2026-08-21T05:23:04.140Z
6a7e766a5c7cd75eb8ce1218,6a87e82d0ba3cf911d4bfed2,/listings/lease/SR26176395MR,127426,2026-08-21T05:54:53.270Z
6a7e7e965c7cd75eb80616f9,6a87f3c2b2fa552e6fb43df4,/listings/lease/SR26176436MR,111650,2026-08-21T06:44:18.303Z
6a7e78035c7cd75eb8d8a4ef,6a87eb6c71a74d667aa50060,/listings/lease/SR26176828MR,109482,2026-08-21T06:08:44.139Z
6a7e78215c7cd75eb8d94af4,6a87eb3c0ba3cf911d4c087a,/listings/lease/SR26177090MR,121549,2026-08-21T06:07:56.031Z
6a87e0365c7cd75eb89a10b9,6a9083adb73aa67dfa39df7a,/listings/buy/SR26177126MR,167417,2026-08-27T18:36:29.003Z
6a7e762a5c7cd75eb8cc707d,6a87e9a971a74d667aa4fb8d,/listings/lease/SR26177130MR,103539,2026-08-21T06:01:13.949Z
6aa0fc72ead997d09a72fdda,6aa186b88934f8e776221dc5,/listings/buy/SR26188464MR,111868,2026-09-09T16:18:00.418Z
6aa0fbd6ead997d09a6ee97b,6aa186715a67220426d244a0,/listings/buy/SR26189951MR,68176,2026-09-09T16:16:49.915Z
6aa0fe14ead997d09a7ea400,6aa186f76f1ca502b0750972,/listings/buy/SR26190607MR,82713,2026-09-09T16:19:03.934Z
6aa0faddead997d09a68dd14,6aa18cc65a67220426d25639,/listings/buy/SR26191505MR,104562,2026-09-09T16:43:50.114Z
6aa0fdacead997d09a7bca9a,6aa186e95a67220426d2454d,/listings/buy/SR26191621MR,94790,2026-09-09T16:18:49.112Z
6aa0fbf7ead997d09a6fd284,6aa1869f8934f8e776221d8f,/listings/buy/SR26191907MR,100280,2026-09-09T16:17:35.618Z
6aa0fa83ead997d09a63760c,6aa18b3f8934f8e776222b21,/listings/buy/SR26192254MR,119249,2026-09-09T16:37:19.637Z
6aa0f9e6ead997d09a5d4088,6aa18d755a67220426d257c9,/listings/buy/SR26192373MR,83403,2026-09-09T16:46:45.870Z
6aa0fdc7ead997d09a7cb16b,6aa2cc48deb7d52b0643bf01,/listings/lease/SR26192827MR,66699,2026-09-10T15:27:04.975Z
6aa0fcb1ead997d09a74ce2b,6aa2cbbedeb7d52b0643b7ce,/listings/lease/SR26193282MR,135928,2026-09-10T15:24:46.732Z
6aa0fcf2ead997d09a768b11,6aa186ca6f1ca502b07508e0,/listings/buy/SR26193921MR,106659,2026-09-09T16:18:18.698Z
6aa0fcb7ead997d09a74f7ed,6aa186c16f1ca502b07508c6,/listings/buy/SR26194160MR,308364,2026-09-09T16:18:09.064Z
6aa0fd4fead997d09a79320a,6aa186d96f1ca502b0750915,/listings/buy/SR26194286MR,85925,2026-09-09T16:18:33.887Z
6aa0fb4bead997d09a6ba55f,6aa187896f1ca502b0750b09,/listings/buy/SR26194391MR,95326,2026-09-09T16:21:29.179Z
6aa0fd90ead997d09a7b1f0f,6aa186e48934f8e776221e9d,/listings/buy/SR26194425MR,100540,2026-09-09T16:18:44.342Z
6aa0fdeaead997d09a7da152,6aa186f35a67220426d245a5,/listings/buy/SR26194674MR,89696,2026-09-09T16:18:59.009Z
6aa0fd36ead997d09a789a9e,6aa186d58934f8e776221e68,/listings/buy/SR26194685MR,91367,2026-09-09T16:18:29.364Z
6aa0fd0cead997d09a776a9f,6aa2cbf46f1ca502b07c21fc,/listings/lease/SR26194954MR,67728,2026-09-10T15:25:40.402Z
6aa0fb62ead997d09a6c1e7f,6aa2cb326f1ca502b07c188e,/listings/lease/SR26194979MR,56155,2026-09-10T15:22:26.641Z
6aa0fc35ead997d09a7180ca,6aa186ac6f1ca502b075085e,/listings/buy/SR26195191MR,114995,2026-09-09T16:17:48.906Z
6aa0fbf7ead997d09a6fd5ee,6aa2cb85dca547b93101c9d2,/listings/lease/SR26195420MR,66959,2026-09-10T15:23:49.279Z
6aa0f9a9ead997d09a5b62db,6aa18db28934f8e776223136,/listings/buy/SR26195725MR,120574,2026-09-09T16:47:46.745Z
6aa0fd10ead997d09a778579,6aa186cf8934f8e776221e34,/listings/buy/SR26195938MR,104433,2026-09-09T16:18:23.887Z
6aa0fc94ead997d09a74122b,6aa186be8934f8e776221dff,/listings/buy/SR26196239MR,54202,2026-09-09T16:18:06.059Z
67be0f03432c4764161dae94,67bfca9ca24806cea336ae43,/SW25036016MR,81957,2025-02-27T02:14:52.042Z
67be008e432c476416d93183,67bfbc5f84edfbd7712be5bd,/SW25037251MR,76399,2025-02-27T01:14:07.033Z
68199f29432c4764168d4e57,6819af103021488ec33caa9a,/SW25088937MR,78724,2025-05-06T06:41:20.110Z
693b1c7b5c7cd75eb8dc40f3,69419615fb49f02e9da7b48e,/SW25266976MR,79281,2025-12-16T17:25:41.595Z
697acf7b5c7cd75eb80c3876,6984fbafff40f3e3601bd75a,/SW26011739MR,126963,2026-02-05T20:21:03.770Z
697acf7b5c7cd75eb80c3876,6983a16ee2802c9846e31174,/SW26011739MR,126963,2026-02-04T19:43:42.662Z
697acf7b5c7cd75eb80c3876,6986334359727e0eb49a2f40,/SW26011739MR,126963,2026-02-06T18:30:27.347Z
697abdc35c7cd75eb8834b8e,69861ff58ca76ba2715259a8,/SW26019413MR,81949,2026-02-06T17:08:05.516Z
697abdc35c7cd75eb8834b8e,6984e94927668d117a3f25f0,/SW26019413MR,81949,2026-02-05T19:02:33.051Z
697abdc35c7cd75eb8834b8e,69838fdd2d98edc91f862bbf,/SW26019413MR,81949,2026-02-04T18:28:45.860Z
69bc193f5c7cd75eb8504db0,69cbeff1fe9bf69aa6522ee6,/SW26057541MR,100778,2026-03-31T16:01:53.445Z
67be12cd432c4764162e4f77,67bfce70a24806cea33701e1,/TR25013583MR,85296,2025-02-27T02:31:12.415Z
67be0d19432c476416183aeb,67bfc8ac55d80c7e9f594642,/TR25013586MR,85272,2025-02-27T02:06:36.139Z
67be0140432c476416dc8b25,67bfbd0b55d80c7e9f58e662,/TR25031087MR,93607,2025-02-27T01:16:59.861Z
67be13c3432c4764163547c2,67bfcf6fa24806cea33714ce,/TR25035021MR,68438,2025-02-27T02:35:27.977Z
67be1570432c47641644d078,67bfd129a24806cea3376072,/TR25037257MR,93212,2025-02-27T02:42:49.833Z
67be0ea7432c4764161c931a,67bfca3ea24806cea336a682,/TR25039119MR,102930,2025-02-27T02:13:18.966Z
67bdfb6c432c476416be179b,67bfb76855d80c7e9f58d991,/TR25039499MR,96860,2025-02-27T00:52:56.065Z
6819a5da432c476416c62831,6819b5a23021488ec33cbec7,/TR25086874MR,138703,2025-05-06T07:09:22.811Z
6819a541432c476416c02f6c,6819b50a6d76c6d251abb5ee,/TR25089206MR,106909,2025-05-06T07:06:50.368Z
68199fb0432c476416912a90,6819af936520d80b833f8a6c,/TR25089265MR,132582,2025-05-06T06:43:31.404Z
68199fff432c47641693e957,6819afe73021488ec33cac65,/TR25091072MR,60820,2025-05-06T06:44:55.646Z
68af38775c7cd75eb82fabdd,68af4567729ab593fe98be20,/TR25188123MR,102920,2025-08-27T17:50:31.279Z
692822ea5c7cd75eb87203ed,69282d92ea12c73e76889b91,/TR25264615MR,88609,2025-11-27T10:53:06.137Z
693b1db45c7cd75eb8e52225,6941974e398e05f5aec48451,/TR25266019MR,154728,2025-12-16T17:30:54.217Z
6930746c5c7cd75eb84e039a,69307fcede3ffd453012eef6,/TR25268107MR,58190,2025-12-03T18:22:06.939Z
693b270e5c7cd75eb82ed19a,69419fd782f8fc127049ec3f,/TR25268571MR,118409,2025-12-16T18:07:19.646Z
693b23d85c7cd75eb81138e6,69419d6382e7bd3a924d56eb,/TR25270223MR,100106,2025-12-16T17:56:51.684Z
693b20985c7cd75eb8f95442,69419a2e6a268683f2000e62,/TR25271687MR,136427,2025-12-16T17:43:10.432Z
697ac3755c7cd75eb8b69097,698625a6db4a2205f9eceb1f,/TR26005941MR,116049,2026-02-06T17:32:22.071Z
697ac3755c7cd75eb8b69097,6984ef08e2802c9846fa5bab,/TR26005941MR,116049,2026-02-05T19:27:04.798Z
697ac3755c7cd75eb8b69097,6983958ae2802c9846e17e88,/TR26005941MR,116054,2026-02-04T18:52:58.410Z
6967c4cf5c7cd75eb883506a,6967e032b83e1dbb20188a02,/TR26006304MR,56693,2026-01-14T18:28:02.301Z
697ad2255c7cd75eb823aa2e,6984fea2ff40f3e3601c606d,/TR26014803MR,88765,2026-02-05T20:33:38.648Z
697ad2255c7cd75eb823aa2e,6983a44c4385378b96ff5f43,/TR26014803MR,88765,2026-02-04T19:55:56.612Z
697ad2255c7cd75eb823aa2e,6986387ddb4a2205f9eeb0a6,/TR26014803MR,88765,2026-02-06T18:52:45.932Z
697accfb5c7cd75eb8f5ebfc,6984f8bb21afa956f7b74eb8,/TR26016127MR,128544,2026-02-05T20:08:27.144Z
697accfb5c7cd75eb8f5ebfc,69839f2e9f3bb0a71cfd53f9,/TR26016127MR,128544,2026-02-04T19:34:06.435Z
697accfb5c7cd75eb8f5ebfc,69862f5b9d12f29a6977486b,/TR26016127MR,128544,2026-02-06T18:13:47.409Z
697ad4f75c7cd75eb839029e,698501b2fb1632a6a4e69f42,/TR26016394MR,58953,2026-02-05T20:46:42.656Z
697ad4f75c7cd75eb839029e,6983a7381dd6025e0159ed2c,/TR26016394MR,58779,2026-02-04T20:08:24.282Z
697ad4f75c7cd75eb839029e,69863dcd866f6320d67bbd18,/TR26016394MR,58953,2026-02-06T19:15:25.919Z
697ad0a15c7cd75eb819ad07,6984fcfeff40f3e3601c0888,/TR26017596MR,63807,2026-02-05T20:26:38.090Z
697ad0a15c7cd75eb819ad07,6983a2b4e2802c9846e33d81,/TR26017596MR,63807,2026-02-04T19:49:08.565Z
697ad0a15c7cd75eb819ad07,69863595e24f70419eca896e,/TR26017596MR,63807,2026-02-06T18:40:21.103Z
697ad4905c7cd75eb835f6b9,6985014200c38f93844faa87,/TR26018689MR,83572,2026-02-05T20:44:50.694Z
697ad4905c7cd75eb835f6b9,6983a6cc9f3bb0a71cfe55a1,/TR26018689MR,83572,2026-02-04T20:06:36.308Z
697ad4905c7cd75eb835f6b9,69863d0b866f6320d67bb32b,/TR26018689MR,83572,2026-02-06T19:12:11.883Z
697ad1e45c7cd75eb8220680,6983a406c34b9c21f7067ece,/TR26019984MR,78154,2026-02-04T19:54:46.103Z
6a337ece5c7cd75eb8f2a6c6,6a338a456dceb445dbe08b48,/TR26055997MR,81239,2026-06-18T06:03:49.346Z
69bc12885c7cd75eb823fc2b,69cbe98a36dc335ccc6b6eb5,/TR26057491MR,72136,2026-03-31T15:34:34.226Z
69cbf54c5c7cd75eb8e797cc,69cc05c78bfad2feb9ea7ac2,/TR26065139MR,108763,2026-03-31T17:35:03.589Z
6a049c6e5c7cd75eb810698c,6a185c678f9b0ef6b207e492,/TR26095388MR,63341,2026-05-28T15:16:55.238Z
6a04912c5c7cd75eb8c0c3f1,6a04a7b7c8319504f9e8b9e7,/TR26101803MR,102221,2026-05-13T16:32:55.652Z
6a18584d5c7cd75eb8a664fd,6a204e90f98caaf47f9f8417,/TR26105365MR,96294,2026-06-03T15:56:00.803Z
6a1859845c7cd75eb8b0b182,6a20512391967ce0e7ea61fb,/TR26113845MR,90821,2026-06-03T16:06:59.114Z
6a18608f5c7cd75eb8f169cf,6a20598507bb9d44e0e927e6,/TR26114533MR,74951,2026-06-03T16:42:45.326Z
6a185fc05c7cd75eb8eb64d3,6a20587007bb9d44e0e8fc45,/TR26114753MR,77678,2026-06-03T16:38:08.850Z
6a1855915c7cd75eb891f66d,6a204ad3a25885cedb0306f4,/TR26115167MR,114340,2026-06-03T15:40:03.059Z
6a1860b35c7cd75eb8f27422,6a2059d761aca7c38abe8b55,/TR26115504MR,153064,2026-06-03T16:44:07.314Z
6a2986a15c7cd75eb8f8fccc,6a29950dba4261878796594c,/TR26121862MR,110250,2026-06-10T16:47:09.794Z
6a29865e5c7cd75eb8f6afb6,6a2989a4901ba4626d6bddda,/TR26122759MR,99934,2026-06-10T15:58:28.169Z
6a4b4eb05c7cd75eb80c271b,6a4b522c3f733990fa2a6071,/TR26141424MR,116680,2026-07-06T06:58:52.775Z
6a4c94e05c7cd75eb8fd757c,6a4c9ea681c7e75720bf80d3,/TR26142931MR,136286,2026-07-07T06:37:26.909Z
6a4c94d15c7cd75eb8fd3501,6a4c984f3f02ddb37849a0cd,/TR26145144MR,90318,2026-07-07T06:10:23.410Z
6a4c94ca5c7cd75eb8fd1fa1,6a4c9c41a45c1b473cb4811f,/TR26145250MR,95978,2026-07-07T06:27:13.895Z
6a5909db5c7cd75eb816bdb1,6a590e18aef9fc8305e21b7d,/TR26151231MR,79870,2026-07-16T17:00:08.593Z
6a5909835c7cd75eb8133407,6a59115c3e2540931fb9fea3,/TR26151749MR,78981,2026-07-16T17:14:04.569Z
6a59097c5c7cd75eb812f393,6a5914428f7408a3f6f68a7c,/TR26151758MR,102708,2026-07-16T17:26:26.416Z
6a7e7ff85c7cd75eb80c7140,6a87fc99b2fa552e6fb44997,/listings/lease/TR26170887MR,113040,2026-08-21T07:22:01.943Z
6a7e7fda5c7cd75eb80bda31,6a87fb6071a74d667aa51937,/listings/lease/TR26173447MR,123987,2026-08-21T07:16:48.897Z
6a7e809e5c7cd75eb80facc6,6a87fe2e71a74d667aa52042,/listings/lease/TR26174666MR,88346,2026-08-21T07:28:46.265Z
6a7e7f045c7cd75eb807dd1d,6a87f48071a74d667aa512f5,/listings/lease/TR26175589MR,64727,2026-08-21T06:47:28.047Z
6a7e76a15c7cd75eb8cf644b,6a87e8a1b2fa552e6fb426c9,/listings/lease/TR26176905MR,64932,2026-08-21T05:56:49.616Z
6a7e7ffd5c7cd75eb80c8b88,6a87fcb4b2fa552e6fb449bd,/listings/lease/TR26176918MR,117334,2026-08-21T07:22:28.749Z
6a9087435c7cd75eb8a7e0ea,6aac024a3f9bec5115750a57,/listings/lease/TR26187058MR,154732,2026-09-17T15:07:54.916Z
6aa0fab2ead997d09a663fad,6aa2caa8deb7d52b0643a94a,/listings/lease/TR26195553MR,125681,2026-09-10T15:20:08.318Z
6939289c5c7cd75eb8c8515c,69420c5c82f8fc12704c7285,/V1-33671VC,43958,2025-12-17T01:50:20.883Z
6939289c5c7cd75eb8c8515c,69418c29288c96e6a139208e,/V1-33671VC,43958,2025-12-16T16:43:21.355Z
697acebb5c7cd75eb8031a76,6984fad79f3bb0a71c16a2aa,/V1-34311VC,54389,2026-02-05T20:17:27.920Z
697acebb5c7cd75eb8031a76,6983a0a027668d117a28922a,/V1-34311VC,72664,2026-02-04T19:40:16.299Z
697acebb5c7cd75eb8031a76,698631cb59727e0eb49a180e,/V1-34311VC,54389,2026-02-06T18:24:11.215Z
699d44df5c7cd75eb87d2bce,699d491dc2eafb93c6974cbc,/V1-34737VC,50034,2026-02-24T06:45:49.330Z
6a185bb25c7cd75eb8cbc482,6a205386d0797ed3ec47e86e,/V1-36642VC,63893,2026-06-03T16:17:10.518Z
6a73c3f85c7cd75eb8764c1c,6a87e0630ba3cf911d4be970,/listings/lease/V1-38014VC,24668,2026-08-21T05:21:39.098Z
67be176f432c47641654b5ed,67bfd32ba24806cea3379f86,/WS25026353MR,100453,2025-02-27T02:51:23.928Z
67be10bc432c476416230561,67bfcc5ba24806cea336d555,/WS25037000MR,68297,2025-02-27T02:22:19.515Z
67be0606432c476416f3a76b,67bfc1b4a24806cea336454e,/WS25038689MR,81019,2025-02-27T01:36:52.655Z
6819a289432c476416a9bb89,6819b2686520d80b833f91e6,/WS25072562MR,128707,2025-05-06T06:55:36.642Z
6819a8c8432c476416e605de,6819b8843021488ec33cc8e4,/WS25090189MR,59740,2025-05-06T07:21:40.853Z
6819a825432c476416e0c30b,6819b7e26520d80b833fa554,/WS25090410MR,113485,2025-05-06T07:18:58.999Z
6819a784432c476416d5af88,6819b7456520d80b833fa32a,/WS25091917MR,62057,2025-05-06T07:16:21.930Z
6819a440432c476416b88da1,6819b4116520d80b833f97b6,/WS25092926MR,62085,2025-05-06T07:02:42.000Z
6819aa14432c476416f146ce,6819b9cd6d76c6d251abc763,/WS25093667MR,94553,2025-05-06T07:27:09.418Z
684af935b13a1025379bdefd,684afd291f2d62fd30bdc0ba,/WS25127832MR,57046,2025-06-12T16:15:37.142Z
684af99eb13a1025379f5274,684afd1b78eeaf8c1548af6d,/WS25127936MR,107350,2025-06-12T16:15:23.806Z
68802dbb5c7cd75eb809dc9c,68803cf62b43b1cc214bbee2,/WS25163697MR,79073,2025-07-23T01:37:58.316Z
689367565c7cd75eb834996d,6893752bdfe4e7eb67c79426,/WS25174531MR,58784,2025-08-06T15:30:51.907Z
68c04c305c7cd75eb82f8029,68c05559245953ed82e8817d,/WS25201053MR,46858,2025-09-09T16:27:05.787Z
68ef323e5c7cd75eb8b62c1d,68ef39fbd500554d94cecbb4,/WS25236207MR,71096,2025-10-15T06:06:51.559Z
68ef31c55c7cd75eb8b307e4,68ef3fffe60b2d14d6fe13f9,/WS25236683MR,67537,2025-10-15T06:32:31.002Z
694211d25c7cd75eb878d115,69422599e5d71bdb4c73a553,/WS25255592MR,163944,2025-12-17T03:38:01.546Z
691eb1605c7cd75eb8318d27,691ebb79ea344fda57ca9db4,/WS25261144MR,96050,2025-11-20T06:55:53.450Z
691eafd95c7cd75eb81e4662,691eb1f4286529a017cb6a44,/WS25261622MR,59718,2025-11-20T06:15:16.145Z
691eb1195c7cd75eb82e67c1,691ebbd9ea344fda57ca9e28,/WS25262233MR,84022,2025-11-20T06:57:29.052Z
693b259e5c7cd75eb826014b,69419f106a268683f200970b,/WS25268692MR,61381,2025-12-16T18:04:00.076Z
693b1cbc5c7cd75eb8ddfaa5,69419656288c96e6a139f48c,/WS25269504MR,111279,2025-12-16T17:26:46.346Z
693b19b25c7cd75eb8c93c92,69419350e5d71bdb4c6f7748,/WS25269905MR,119028,2025-12-16T17:13:52.868Z
693934165c7cd75eb8147ee5,694197be16d89f3af68e847d,/WS25270529MR,80682,2025-12-16T17:32:46.712Z
693b248e5c7cd75eb815b9b0,69419e1d288c96e6a13ab97a,/WS25271094MR,106688,2025-12-16T17:59:57.391Z
693931285c7cd75eb8032b2a,694214f8e5d71bdb4c73671b,/WS25271702MR,72261,2025-12-17T02:27:04.709Z
693931285c7cd75eb8032b2a,694194c48d2c0ee3f95857f0,/WS25271702MR,72261,2025-12-16T17:20:04.317Z
69392bc65c7cd75eb8e52a14,69420f6582f8fc12704c7d71,/WS25272904MR,99137,2025-12-17T02:03:17.371Z
69392bc65c7cd75eb8e52a14,69418f3f65bdba1c8e0e36a2,/WS25272904MR,99133,2025-12-16T16:56:31.558Z
694211b95c7cd75eb8784a72,69421c64288c96e6a13dadeb,/WS25274812MR,114016,2025-12-17T02:58:44.731Z
694aca035c7cd75eb866ac0c,694ad4acdd622caac4755862,/WS25279084MR,49629,2025-12-23T17:43:08.047Z
695e8fb65c7cd75eb8f666f7,695e9eda6894ddf82d5867e9,/WS26000759MR,114210,2026-01-07T17:58:50.155Z
695e8fb65c7cd75eb8f666f7,695e91c6d96b1e49d5c2ca25,/WS26000759MR,114210,2026-01-07T17:03:02.135Z
6967c51e5c7cd75eb885bfda,6967cb78707de70b7a513c97,/WS26004724MR,96299,2026-01-14T16:59:36.883Z
697ad0be5c7cd75eb81a4a54,698635d567b5d8c870d74dee,/WS26011734MR,87351,2026-02-06T18:41:25.540Z
697ad0be5c7cd75eb81a4a54,6984fd2288e3a232e19ae46e,/WS26011734MR,87351,2026-02-05T20:27:14.130Z
697ad0be5c7cd75eb81a4a54,6983a2d727668d117a28dc18,/WS26011734MR,87351,2026-02-04T19:49:43.788Z
69716a105c7cd75eb86f000f,69716c019110ecfee77313ff,/WS26014539MR,78107,2026-01-22T00:14:57.771Z
697abefa5c7cd75eb88c6fd7,69862138833353984dc6537c,/WS26014904MR,97487,2026-02-06T17:13:28.789Z
697abefa5c7cd75eb88c6fd7,6984ea8f9f3bb0a71c143de1,/WS26014904MR,97487,2026-02-05T19:07:59.683Z
697abefa5c7cd75eb88c6fd7,6983911f9f3bb0a71cfb5f98,/WS26014904MR,97477,2026-02-04T18:34:07.512Z
697acc2e5c7cd75eb8f0cc7e,69862e883659957de516d044,/WS26014939MR,86914,2026-02-06T18:10:16.127Z
697acc2e5c7cd75eb8f0cc7e,6984f7e8f4a1d44dc43d46e1,/WS26014939MR,86914,2026-02-05T20:04:56.357Z
697acc2e5c7cd75eb8f0cc7e,69839e5e342932a2e4aa97a8,/WS26014939MR,86906,2026-02-04T19:30:38.323Z
697acbad5c7cd75eb8ed60c5,69862e0ddb4a2205f9edb5b4,/WS26015599MR,84601,2026-02-06T18:08:13.691Z
697acbad5c7cd75eb8ed60c5,6984f76b27668d117a41169c,/WS26015599MR,84601,2026-02-05T20:02:51.460Z
697acbad5c7cd75eb8ed60c5,69839de59f3bb0a71cfd1a53,/WS26015599MR,84601,2026-02-04T19:28:37.219Z
697ac59f5c7cd75eb8c50815,698627ed76487a5533546510,/WS26016537MR,97965,2026-02-06T17:42:05.838Z
697ac59f5c7cd75eb8c50815,6984f14527668d117a4044fb,/WS26016537MR,97965,2026-02-05T19:36:37.493Z
697ac59f5c7cd75eb8c50815,698397c3b98af7ce9c521b98,/WS26016537MR,97965,2026-02-04T19:02:27.934Z
697ad4445c7cd75eb833dc2b,69863c8fdb4a2205f9ef0976,/WS26016724MR,85327,2026-02-06T19:10:07.151Z
697ad4445c7cd75eb833dc2b,698500fee2802c9846fd7b7c,/WS26016724MR,85327,2026-02-05T20:43:42.549Z
697ad4445c7cd75eb833dc2b,6983a684c2856a01c26a16f4,/WS26016724MR,85355,2026-02-04T20:05:24.135Z
697ad5ae5c7cd75eb83dd6f2,69863f1b866f6320d67bd6f0,/WS26018031MR,88402,2026-02-06T19:20:59.396Z
697ad5ae5c7cd75eb83dd6f2,69850272e2802c9846fdfb8f,/WS26018031MR,88402,2026-02-05T20:49:54.516Z
697ad5ae5c7cd75eb83dd6f2,6983a7f027668d117a296eb3,/WS26018031MR,88402,2026-02-04T20:11:28.394Z
697ac8615c7cd75eb8d7c556,69862ab7c09c0d25035c0504,/WS26019000MR,71772,2026-02-06T17:53:59.625Z
697ac8615c7cd75eb8d7c556,6984f41327668d117a40adc6,/WS26019000MR,71772,2026-02-05T19:48:35.194Z
697ac8615c7cd75eb8d7c556,69839a87b98af7ce9c5253d9,/WS26019000MR,71772,2026-02-04T19:14:15.827Z
69bc15f95c7cd75eb83aef47,69cbed02474e84c41185744c,/WS26055028MR,80768,2026-03-31T15:49:22.211Z
69bc1cfb5c7cd75eb86916f1,69cbf3a695ccb95f6827885a,/WS26056762MR,107585,2026-03-31T16:17:42.032Z
6a0490d35c7cd75eb8bec0f9,6a0495af9b6c2a90f8918892,/WS26098398MR,40353,2026-05-13T15:15:59.919Z
6a0490e75c7cd75eb8bf634b,6a049e8dde8a51c16ba35e7b,/WS26098668MR,73630,2026-05-13T15:53:49.146Z
6a0490c65c7cd75eb8be884e,6a049537de8a51c16ba2100c,/WS26102659MR,121324,2026-05-13T15:13:59.765Z
6a185ed55c7cd75eb8e54068,6a20573bfae3115ef064dbf4,/WS26110717MR,88233,2026-06-03T16:32:59.677Z
6a185ed55c7cd75eb8e54068,6a2048d47394b5f8e86fc24c,/WS26110717MR,88233,2026-06-03T15:31:32.065Z
6a18550b5c7cd75eb88e8496,6a204b7676ee1a01d9b799e3,/WS26114330MR,88505,2026-06-03T15:42:46.447Z
6a1860665c7cd75eb8f056bf,6a20594de81313771955361e,/WS26114540MR,81931,2026-06-03T16:41:49.339Z
6a185db35c7cd75eb8dcc143,6a2055aed0797ed3ec481edb,/WS26115124MR,88149,2026-06-03T16:26:22.902Z
6a1857125c7cd75eb89d0a5c,6a204e0ff98caaf47f9f73c2,/WS26115269MR,148304,2026-06-03T15:53:51.183Z
6a185a3f5c7cd75eb8b60ea8,6a2051ca91967ce0e7ea6edc,/WS26115535MR,111496,2026-06-03T16:09:46.734Z
6a2048a65c7cd75eb828789e,6a205a770e5345da6c4a7a47,/WS26117077MR,142182,2026-06-03T16:46:47.177Z
6a2986765c7cd75eb8f7430b,6a29902652871b93842670a7,/WS26122086MR,63551,2026-06-10T16:26:14.982Z
6a337e825c7cd75eb8f099ef,6a3394232c0e1e16e9b60255,/WS26129322MR,134427,2026-06-18T06:45:55.154Z
6a4b4f085c7cd75eb80da692,6a4b577a00653f3b6cacd974,/WS26135405MR,97483,2026-07-06T07:21:30.882Z
6a4c94b55c7cd75eb8fcc28c,6a4c9af633491cd26f952c8f,/WS26143390MR,107359,2026-07-07T06:21:42.540Z
6a4c94ae5c7cd75eb8fc9627,6a4c99036ef604c90ba9be9e,/WS26145021MR,63816,2026-07-07T06:13:23.094Z
6a7e7da35c7cd75eb802458e,6a87f30e0ba3cf911d4c15a1,/listings/lease/WS26169265MR,140027,2026-08-21T06:41:18.598Z
6a7e758e5c7cd75eb8c8cc71,6a87e19871a74d667aa4e643,/listings/lease/WS26169641MR,60596,2026-08-21T05:26:48.976Z
6a73c7055c7cd75eb8a6e35c,6a87eacdb2fa552e6fb42d19,/listings/lease/WS26170235MR,76657,2026-08-21T06:06:05.467Z
6a7e77f45c7cd75eb8d8472d,6a87eb620ba3cf911d4c08fa,/listings/lease/WS26173733MR,74643,2026-08-21T06:08:34.647Z
6a7e7f495c7cd75eb8091291,6a87f509b2fa552e6fb44189,/listings/lease/WS26173901MR,105214,2026-08-21T06:49:45.419Z
6a7e7f3b5c7cd75eb808cbde,6a87f4ffb2fa552e6fb44170,/listings/lease/WS26174182MR,80939,2026-08-21T06:49:35.481Z
6a7e7ec25c7cd75eb806c21d,6a87f4440ba3cf911d4c1999,/listings/lease/WS26174619MR,92636,2026-08-21T06:46:28.191Z
6a7e770e5c7cd75eb8d29794,6a87e97c71a74d667aa4fabf,/listings/lease/WS26174857MR,115759,2026-08-21T06:00:28.477Z
6a7e72735c7cd75eb8bbc56b,6a87deec0ba3cf911d4be445,/listings/lease/WS26175015MR,63284,2026-08-21T05:15:24.240Z
6a7e75f75c7cd75eb8cb3a89,6a87e4400ba3cf911d4bf8b1,/listings/lease/WS26175444MR,53232,2026-08-21T05:38:08.647Z
6a7e76c95c7cd75eb8d05657,6a87e8dc0ba3cf911d4c0179,/listings/lease/WS26175486MR,73620,2026-08-21T05:57:48.115Z
6a7e76c05c7cd75eb8d019f7,6a87e8e10ba3cf911d4c01ae,/listings/lease/WS26176352MR,87474,2026-08-21T05:57:53.639Z
6a7e78fe5c7cd75eb8e3e5d7,6a87f1e2b2fa552e6fb437cb,/listings/lease/WS26177016MR,135873,2026-08-21T06:36:18.110Z
6aa0fa05ead997d09a5e0f4f,6aa190266f1ca502b075212f,/listings/buy/WS26193180MR,87616,2026-09-09T16:58:14.769Z
6aa0fe4eead997d09a801e0c,6aa2cc89deb7d52b0643c1f0,/listings/lease/WS26193202MR,81057,2026-09-10T15:28:09.338Z
6aa0fa88ead997d09a63c4a2,6aa2ce31dca547b93101eadc,/listings/lease/WS26194894MR,149744,2026-09-10T15:35:13.634Z
